frame_number,center_x,center_y
222,477.0,295.0
223,477.5,292.0
224,478.6666666666667,294.0
225,479.6666666666667,294.6666666666667
226,479.0,296.6666666666667
227,477.6666666666667,295.3333333333333
228,476.6666666666667,293.3333333333333
229,478.0,293.3333333333333
230,479.6666666666667,294.6666666666667
231,479.6666666666667,295.3333333333333
232,478.6666666666667,295.0
233,476.0,287.0
234,477.3333333333333,288.0
235,478.0,290.0
236,479.0,296.6666666666667
237,478.6666666666667,296.6666666666667
238,478.0,293.6666666666667
239,478.3333333333333,293.6666666666667
240,479.3333333333333,293.6666666666667
241,480.3333333333333,294.3333333333333
242,479.3333333333333,293.1666666666667
243,477.0,292.1666666666667
244,477.0,293.1666666666667
245,479.3333333333333,295.6666666666667
246,479.6666666666667,296.0
247,478.3333333333333,295.6666666666667
248,477.0,292.3333333333333
249,478.3333333333333,293.6666666666667
250,479.6666666666667,294.3333333333333
251,479.1666666666667,296.6666666666667
252,477.8333333333333,295.6666666666667
253,476.5,292.6666666666667
254,477.3333333333333,293.0
255,478.6666666666667,293.6666666666667
0,478.6666666666667,295.3333333333333
1,477.6666666666667,294.6666666666667
2,473.6666666666667,285.3333333333333
3,474.3333333333333,286.0
4,475.0,286.6666666666667
5,477.6666666666667,295.6666666666667
6,478.0,295.3333333333333
7,478.0,293.0
8,478.6666666666667,292.3333333333333
9,480.6666666666667,292.6666666666667
10,481.6666666666667,294.3333333333333
11,481.0,292.6666666666667
12,478.3333333333333,292.0
13,478.0,292.6666666666667
14,479.3333333333333,295.3333333333333
15,479.3333333333333,295.3333333333333
16,477.6666666666667,294.6666666666667
17,477.0,293.0
18,478.0,294.3333333333333
19,479.3333333333333,295.3333333333333
20,478.3333333333333,296.0
21,477.3333333333333,295.0
22,476.0,291.6666666666667
23,477.0,292.0
24,478.6666666666667,293.0
25,479.6666666666667,294.6666666666667
26,478.6666666666667,294.0
27,473.0,284.3333333333333
28,473.0,285.3333333333333
29,474.0,286.6666666666667
30,478.3333333333333,296.0
31,479.6666666666667,296.6666666666667
32,479.0,294.0
33,478.6666666666667,292.6666666666667
34,478.6666666666667,291.6666666666667
35,479.0,293.3333333333333
66,478.6666666666667,294.0
67,475.8333333333333,292.5
68,475.1666666666667,293.1666666666667
69,475.8333333333333,293.5
70,477.0,295.3333333333333
71,477.1666666666667,294.6666666666667
72,475.0,290.1666666666667
73,476.0,289.5
74,478.1666666666667,289.5
75,480.6666666666667,293.0
76,480.0,293.3333333333333
77,477.5,285.3333333333333
78,477.5,285.0
79,478.5,285.3333333333333
80,479.0,293.6666666666667
81,479.0,295.6666666666667
82,477.6666666666667,293.0
83,478.3333333333333,292.0
84,479.0,290.3333333333333
85,480.0,292.3333333333333
86,479.3333333333333,293.3333333333333
87,477.6666666666667,292.6666666666667
88,477.0,292.6666666666667
89,478.0,292.6666666666667
90,478.6666666666667,294.0
91,478.3333333333333,294.3333333333333
92,477.3333333333333,292.0
93,477.3333333333333,292.0
94,477.6666666666667,292.3333333333333
95,478.0,295.0
96,477.6666666666667,295.3333333333333
97,476.6666666666667,292.3333333333333
98,476.6666666666667,291.0
99,478.0,290.6666666666667
100,479.3333333333333,293.3333333333333
101,478.6666666666667,294.0
102,478.0,293.6666666666667
103,477.0,292.6666666666667
104,477.6666666666667,292.6666666666667
105,477.3333333333333,293.3333333333333
106,478.3333333333333,295.3333333333333
107,477.0,293.3333333333333
108,477.6666666666667,291.3333333333333
109,478.0,290.0
110,480.3333333333333,292.6666666666667
111,479.3333333333333,294.6666666666667
112,478.0,294.0
113,477.6666666666667,293.0
114,478.3333333333333,292.3333333333333
115,479.0,293.3333333333333
116,478.0,294.0
117,477.6666666666667,294.3333333333333
118,476.6666666666667,294.3333333333333
119,476.3333333333333,293.6666666666667
120,475.6666666666667,294.0
121,476.3333333333333,294.3333333333333
122,475.6666666666667,291.1666666666667
123,477.0,290.1666666666667
124,478.3333333333333,289.8333333333333
125,480.3333333333333,293.3333333333333
126,479.3333333333333,294.6666666666667
127,478.3333333333333,294.6666666666667
128,478.3333333333333,293.0
129,479.0,292.3333333333333
130,479.6666666666667,293.0
131,479.3333333333333,296.0
132,478.3333333333333,293.6666666666667
133,477.6666666666667,292.0
134,477.6666666666667,289.6666666666667
135,478.6666666666667,291.6666666666667
166,478.0,292.6666666666667
167,477.3333333333333,293.6666666666667
168,475.3333333333333,293.1666666666667
169,475.3333333333333,292.8333333333333
170,475.3333333333333,293.1666666666667
171,476.6666666666667,295.0
172,477.0,295.3333333333333
173,477.3333333333333,294.3333333333333
174,478.6666666666667,292.3333333333333
175,480.0,292.3333333333333
176,480.6666666666667,294.3333333333333
177,481.0,295.6666666666667
178,481.3333333333333,293.0
179,481.6666666666667,291.3333333333333
180,480.3333333333333,292.3333333333333
181,479.3333333333333,296.0
182,478.3333333333333,296.0
183,478.3333333333333,294.0
184,478.3333333333333,291.3333333333333
185,478.6666666666667,291.3333333333333
186,478.3333333333333,292.3333333333333
187,477.3333333333333,294.0
188,476.6666666666667,294.0
189,477.0,292.6666666666667
190,477.6666666666667,293.0
191,477.6666666666667,293.3333333333333
192,477.3333333333333,294.3333333333333
193,476.3333333333333,292.6666666666667
194,476.6666666666667,292.0
195,477.0,292.5
196,478.0,294.1666666666667
197,477.6666666666667,294.5
198,477.3333333333333,293.0
199,477.6666666666667,291.6666666666667
200,478.6666666666667,293.0
201,479.3333333333333,294.3333333333333
202,478.3333333333333,295.3333333333333
203,477.0,292.3333333333333
204,477.0,291.3333333333333
205,477.6666666666667,292.0
206,478.6666666666667,294.6666666666667
207,478.3333333333333,295.0
208,478.6666666666667,293.0
209,479.0,290.6666666666667
210,480.3333333333333,291.3333333333333
211,479.6666666666667,293.3333333333333
212,478.3333333333333,295.3333333333333
213,477.3333333333333,293.6666666666667
214,478.0,292.0
215,479.0,291.6666666666667
216,478.0,293.3333333333333
217,477.0,294.1666666666667
218,475.3333333333333,293.5
219,475.6666666666667,292.5
220,476.0,293.0
221,477.3333333333333,294.3333333333333
222,478.0,294.6666666666667
223,479.6666666666667,292.6666666666667
224,481.6666666666667,291.0
225,483.3333333333333,292.3333333333333
226,484.3333333333333,296.0
227,483.0,297.3333333333333
228,482.0,293.6666666666667
229,481.0,291.3333333333333
230,481.0,292.6666666666667
231,480.3333333333333,296.6666666666667
232,479.0,296.3333333333333
233,478.0,293.0
234,477.6666666666667,289.3333333333333
235,478.6666666666667,290.3333333333333
10,478.6666666666667,292.6666666666667
11,478.0,295.0
12,475.6666666666667,294.0
13,476.0,293.0
14,476.8333333333333,293.6666666666667
15,479.5,295.0
16,479.8333333333333,294.6666666666667
17,480.3333333333333,292.0
18,480.3333333333333,290.0
19,481.6666666666667,291.3333333333333
20,482.3333333333333,294.6666666666667
21,481.0,295.6666666666667
22,479.3333333333333,291.0
23,478.3333333333333,289.0
24,478.6666666666667,290.3333333333333
25,479.6666666666667,295.3333333333333
26,479.3333333333333,295.6666666666667
27,479.0,292.3333333333333
28,478.6666666666667,289.3333333333333
29,479.6666666666667,290.5
30,479.3333333333333,293.8333333333333
31,478.3333333333333,296.1666666666667
32,476.0,295.0
33,476.0,293.0
34,476.6666666666667,293.0
35,477.6666666666667,294.3333333333333
36,478.0,295.3333333333333
37,477.0,293.6666666666667
38,477.6666666666667,292.3333333333333
39,477.6666666666667,292.6666666666667
40,478.3333333333333,295.3333333333333
41,478.0,295.3333333333333
42,477.6666666666667,293.0
43,477.6666666666667,290.0
44,478.3333333333333,290.6666666666667
45,480.0,293.6666666666667
46,480.0,295.0
47,479.3333333333333,291.3333333333333
48,479.0,289.6666666666667
49,479.3333333333333,291.0
50,480.0,295.3333333333333
51,478.3333333333333,296.3333333333333
52,478.3333333333333,293.6666666666667
53,477.3333333333333,290.3333333333333
54,478.3333333333333,290.3333333333333
55,477.6666666666667,293.0
56,478.0,295.3333333333333
57,477.0,294.0
58,477.3333333333333,291.6666666666667
59,477.6666666666667,292.0
60,478.0,293.3333333333333
61,477.3333333333333,295.0
62,475.0,293.6666666666667
63,474.6666666666667,292.3333333333333
64,475.6666666666667,293.3333333333333
65,477.6666666666667,295.3333333333333
66,477.3333333333333,296.6666666666667
67,476.0,293.3333333333333
68,475.3333333333333,291.3333333333333
69,477.6666666666667,291.6666666666667
70,480.0,295.6666666666667
71,480.6666666666667,296.3333333333333
72,478.3333333333333,293.0
73,477.0,290.6666666666667
74,477.3333333333333,292.0
75,479.0,295.6666666666667
76,479.0,296.0
77,478.3333333333333,292.3333333333333
78,478.0,289.0
79,479.6666666666667,289.3333333333333
110,479.6666666666667,293.0
111,479.0,295.6666666666667
112,475.6666666666667,293.3333333333333
113,475.6666666666667,291.3333333333333
114,476.3333333333333,292.3333333333333
115,478.3333333333333,295.3333333333333
116,477.6666666666667,295.6666666666667
117,476.3333333333333,292.0
118,475.3333333333333,288.6666666666667
119,477.3333333333333,290.0
120,479.0,293.5
121,479.0,296.0
122,476.6666666666667,291.3333333333333
123,475.0,289.5
124,476.0,290.3333333333333
125,478.3333333333333,295.3333333333333
126,479.3333333333333,295.6666666666667
127,479.6666666666667,292.3333333333333
128,480.0,288.0
129,481.6666666666667,288.6666666666667
130,481.0,292.0
131,479.3333333333333,296.0
132,476.6666666666667,295.0
133,476.0,291.6666666666667
134,476.3333333333333,291.0
135,477.3333333333333,293.0
136,477.6666666666667,295.3333333333333
137,477.1666666666667,294.0
138,476.5,291.0
139,477.1666666666667,292.0
140,478.6666666666667,294.6666666666667
141,479.0,296.0
142,476.0,292.0
143,474.3333333333333,288.6666666666667
144,475.6666666666667,289.6666666666667
145,480.0,294.0
146,480.3333333333333,295.3333333333333
147,478.3333333333333,291.0
148,476.0,288.3333333333333
149,477.0,290.0
150,479.0,294.6666666666667
151,479.6666666666667,296.0
152,478.6666666666667,292.6666666666667
153,478.6666666666667,289.0
154,479.6666666666667,289.3333333333333
155,480.0,292.6666666666667
156,478.6666666666667,295.6666666666667
157,476.6666666666667,293.6666666666667
158,476.0,290.3333333333333
159,476.6666666666667,290.0
160,478.0,293.0
161,478.6666666666667,295.3333333333333
162,477.3333333333333,292.6666666666667
163,476.6666666666667,290.3333333333333
164,477.3333333333333,291.6666666666667
165,479.3333333333333,295.3333333333333
166,479.0,296.0
167,476.1666666666667,291.0
168,474.1666666666667,287.3333333333333
169,475.5,288.0
170,479.0,293.0
171,479.6666666666667,295.0
172,479.0,290.8333333333333
173,477.0,287.5
174,478.0,289.1666666666667
175,479.0,294.0
176,480.0,296.0
177,479.3333333333333,292.6666666666667
178,479.5,288.0
179,480.1666666666667,288.3333333333333
210,480.1666666666667,292.0
211,478.6666666666667,295.6666666666667
212,477.6666666666667,295.6666666666667
213,476.0,292.0
214,476.6666666666667,293.0
215,477.0,293.6666666666667
216,477.3333333333333,296.0
217,475.6666666666667,292.0
218,474.3333333333333,287.6666666666667
219,476.3333333333333,288.0
220,479.3333333333333,292.3333333333333
221,480.3333333333333,295.0
222,479.3333333333333,294.6666666666667
223,476.6666666666667,292.0
224,477.3333333333333,293.6666666666667
225,478.3333333333333,294.6666666666667
226,479.3333333333333,295.3333333333333
227,478.3333333333333,292.0
228,478.3333333333333,287.0
229,479.3333333333333,288.0
230,479.6666666666667,291.6666666666667
231,478.6666666666667,296.0
232,476.3333333333333,294.0
233,476.0,289.6666666666667
234,476.0,289.3333333333333
235,477.3333333333333,292.0
236,477.3333333333333,295.6666666666667
237,477.0,296.0
238,476.0,292.0
239,476.0,292.0
240,477.6666666666667,293.0
241,478.0,296.0
242,477.6666666666667,292.6666666666667
243,477.0,286.6666666666667
244,478.3333333333333,287.0
245,481.0,291.0
246,480.6666666666667,295.0
247,479.3333333333333,295.0
248,476.6666666666667,292.0
249,477.3333333333333,293.6666666666667
250,479.0,294.0
251,480.0,295.3333333333333
252,479.3333333333333,291.0
253,479.0,286.3333333333333
254,479.0,286.6666666666667
255,479.3333333333333,291.0
0,479.0,295.3333333333333
1,478.6666666666667,295.3333333333333
2,477.3333333333333,290.3333333333333
3,476.6666666666667,290.3333333333333
4,476.8333333333333,291.6666666666667
5,477.1666666666667,295.6666666666667
6,476.8333333333333,295.6666666666667
7,475.3333333333333,290.0
8,475.6666666666667,290.6666666666667
9,477.3333333333333,291.6666666666667
10,478.0,296.0
11,478.0,295.3333333333333
12,475.0,289.0
13,476.0,289.0
14,478.0,289.6666666666667
15,479.6666666666667,293.6666666666667
16,479.0,293.6666666666667
17,476.0,290.3333333333333
18,476.6666666666667,292.3333333333333
19,478.0,293.0
20,479.6666666666667,296.0
21,479.3333333333333,294.0
22,480.6666666666667,289.3333333333333
23,480.6666666666667,289.0
54,481.3333333333333,291.0
55,479.0,295.3333333333333
56,478.3333333333333,295.3333333333333
57,474.6666666666667,289.6666666666667
58,474.3333333333333,290.0
59,475.3333333333333,290.3333333333333
60,478.0,295.0
61,477.3333333333333,294.0
62,473.3333333333333,287.6666666666667
63,473.0,287.6666666666667
64,475.0,288.6666666666667
65,478.6666666666667,294.3333333333333
66,478.3333333333333,294.3333333333333
67,475.6666666666667,289.8333333333333
68,474.6666666666667,290.5
69,476.3333333333333,291.1666666666667
70,478.6666666666667,295.0
71,479.3333333333333,294.0
72,481.0,288.6666666666667
73,480.6666666666667,288.3333333333333
74,481.0,290.3333333333333
75,478.6666666666667,295.0
76,478.0,295.6666666666667
77,476.0,290.3333333333333
78,475.0,290.0
79,475.0,290.3333333333333
80,476.3333333333333,294.3333333333333
81,476.6666666666667,294.6666666666667
82,472.3333333333333,286.6666666666667
83,472.0,287.0
84,473.6666666666667,287.0
85,478.3333333333333,294.3333333333333
86,478.3333333333333,293.6666666666667
87,470.3333333333333,284.6666666666667
88,470.0,284.0
89,471.6666666666667,284.0
90,478.3333333333333,292.6666666666667
91,478.0,293.3333333333333
92,477.0,294.0
93,477.0,294.0
94,478.0,294.0
95,478.6666666666667,293.3333333333333
96,479.0,292.6666666666667
97,481.0,289.0
98,480.0,288.0
99,480.0,290.0
100,477.6666666666667,294.3333333333333
101,477.6666666666667,296.3333333333333
102,476.3333333333333,291.3333333333333
103,475.5,290.6666666666667
104,476.5,290.6666666666667
105,477.5,294.6666666666667
106,477.6666666666667,294.6666666666667
107,477.0,294.0
108,476.6666666666667,293.6666666666667
109,478.0,293.6666666666667
110,478.0,294.0
111,478.0,294.3333333333333
112,477.6666666666667,294.3333333333333
113,477.0,292.6666666666667
114,478.0,292.6666666666667
115,478.3333333333333,292.3333333333333
116,478.3333333333333,294.0
117,478.0,294.0
118,477.0,294.0
119,478.0,293.6666666666667
120,478.3333333333333,293.6666666666667
121,479.3333333333333,294.3333333333333
122,481.0,289.6666666666667
123,481.6666666666667,287.6666666666667
154,481.0,287.3333333333333
155,479.0,292.6666666666667
156,477.3333333333333,295.0
157,476.6666666666667,295.0
158,475.6666666666667,293.6666666666667
159,476.6666666666667,292.6666666666667
160,477.6666666666667,293.3333333333333
161,477.6666666666667,294.0
162,476.3333333333333,294.3333333333333
163,475.0,292.0
164,476.0,290.6666666666667
165,477.0,291.0
166,477.3333333333333,292.6666666666667
167,476.6666666666667,293.6666666666667
168,475.6666666666667,293.3333333333333
169,476.6666666666667,292.6666666666667
170,477.6666666666667,293.0
171,479.3333333333333,293.3333333333333
172,479.3333333333333,294.6666666666667
173,478.6666666666667,292.6666666666667
174,478.1666666666667,293.0
175,477.8333333333333,293.0
176,478.1666666666667,295.8333333333333
177,477.6666666666667,295.5
178,476.3333333333333,293.8333333333333
179,475.6666666666667,293.0
180,475.6666666666667,293.6666666666667
181,476.0,295.0
182,476.0,295.0
183,475.0,294.0
184,476.3333333333333,293.0
185,477.3333333333333,293.3333333333333
186,478.3333333333333,293.6666666666667
187,478.0,294.0
188,476.6666666666667,291.3333333333333
189,478.3333333333333,290.3333333333333
190,478.3333333333333,290.3333333333333
191,478.3333333333333,293.0
192,476.3333333333333,293.6666666666667
193,475.3333333333333,293.6666666666667
194,476.3333333333333,293.0
195,477.3333333333333,293.0
196,479.3333333333333,293.3333333333333
197,479.3333333333333,294.0
198,478.3333333333333,291.5
199,477.6666666666667,292.1666666666667
200,477.6666666666667,292.1666666666667
201,478.3333333333333,295.6666666666667
202,477.3333333333333,295.0
203,475.6666666666667,293.3333333333333
204,475.3333333333333,292.6666666666667
205,475.6666666666667,293.0
206,476.3333333333333,294.3333333333333
207,475.6666666666667,294.0
208,474.6666666666667,293.3333333333333
209,476.0,292.3333333333333
210,477.0,293.3333333333333
211,477.3333333333333,294.6666666666667
212,476.6666666666667,296.0
213,476.0,293.3333333333333
214,478.3333333333333,290.6666666666667
215,479.0,290.6666666666667
216,479.3333333333333,293.3333333333333
217,477.6666666666667,295.0
218,477.0,293.6666666666667
219,477.3333333333333,293.0
220,477.6666666666667,292.6666666666667
221,479.0,293.6666666666667
222,479.0,294.0
223,478.3333333333333,291.3333333333333
254,477.3333333333333,291.0
255,477.3333333333333,291.6666666666667
0,477.6666666666667,295.0
1,477.0,295.3333333333333
2,476.3333333333333,294.0
3,476.6666666666667,292.6666666666667
4,478.0,293.0
5,479.0,294.3333333333333
6,479.0,295.0
7,477.0,291.6666666666667
8,477.0,289.6666666666667
9,477.3333333333333,290.0
10,478.3333333333333,293.3333333333333
11,477.3333333333333,294.3333333333333
12,476.3333333333333,294.0
13,476.6666666666667,293.0
14,477.3333333333333,292.6666666666667
15,480.0,293.0
16,480.3333333333333,294.0
17,479.6666666666667,289.6666666666667
18,478.0,290.0
19,477.6666666666667,290.3333333333333
20,479.3333333333333,296.0
21,478.6666666666667,295.6666666666667
22,477.6666666666667,294.0
23,476.6666666666667,292.3333333333333
24,477.3333333333333,293.0
25,478.0,294.6666666666667
26,477.3333333333333,295.3333333333333
27,476.3333333333333,295.0
28,476.3333333333333,293.3333333333333
29,477.3333333333333,293.6666666666667
30,478.0,293.6666666666667
31,478.0,294.0
32,477.0,290.6666666666667
33,477.3333333333333,289.0
34,478.0,289.6666666666667
35,478.3333333333333,293.3333333333333
36,477.0,294.6666666666667
37,476.0,294.6666666666667
38,476.3333333333333,293.3333333333333
39,477.0,293.0
40,479.0,293.3333333333333
41,479.0,294.0
42,480.3333333333333,290.0
43,479.0,290.0
44,479.0,290.6666666666667
45,479.0,296.1666666666667
46,478.6666666666667,295.8333333333333
47,478.3333333333333,294.5
48,477.3333333333333,292.6666666666667
49,478.0,293.6666666666667
50,478.3333333333333,295.0
51,477.6666666666667,295.6666666666667
52,476.0,293.3333333333333
53,476.0,291.6666666666667
54,476.6666666666667,292.0
55,478.0,294.6666666666667
56,477.3333333333333,295.3333333333333
57,476.3333333333333,292.0
58,477.3333333333333,289.0
59,478.3333333333333,289.6666666666667
60,479.6666666666667,293.5
61,478.0,295.1666666666667
62,476.6666666666667,294.1666666666667
63,476.3333333333333,292.6666666666667
64,476.6666666666667,292.3333333333333
65,480.3333333333333,294.3333333333333
66,481.0,295.6666666666667
67,482.3333333333333,292.3333333333333
98,479.6666666666667,290.3333333333333
99,479.6666666666667,290.3333333333333
100,479.0,295.0
101,478.3333333333333,295.6666666666667
102,476.6666666666667,296.0
103,476.3333333333333,294.0
104,477.3333333333333,294.3333333333333
105,479.0,294.6666666666667
106,479.0,295.6666666666667
107,477.0,291.6666666666667
108,475.6666666666667,288.3333333333333
109,475.3333333333333,289.0
110,477.0,293.6666666666667
111,477.3333333333333,296.0
112,477.3333333333333,295.0
113,477.3333333333333,292.6666666666667
114,478.0,292.3333333333333
115,480.6666666666667,293.6666666666667
116,480.6666666666667,295.0
117,479.8333333333333,291.0
118,477.5,290.3333333333333
119,478.1666666666667,291.3333333333333
120,480.0,297.0
121,479.6666666666667,297.0
122,479.6666666666667,296.3333333333333
123,479.0,294.0
124,480.3333333333333,295.0
125,480.3333333333333,295.6666666666667
126,479.3333333333333,296.6666666666667
127,478.6666666666667,295.0
128,478.3333333333333,293.0
129,478.6666666666667,293.0
130,479.0,294.6666666666667
131,478.6666666666667,295.3333333333333
132,477.3333333333333,290.6666666666667
133,476.3333333333333,287.0
134,477.3333333333333,287.6666666666667
135,479.0,293.3333333333333
136,479.0,295.6666666666667
137,477.6666666666667,295.3333333333333
138,477.3333333333333,293.0
139,477.6666666666667,292.6666666666667
140,480.0,293.3333333333333
141,480.0,294.0
142,479.3333333333333,291.6666666666667
143,477.3333333333333,291.3333333333333
144,478.3333333333333,292.6666666666667
145,480.6666666666667,296.6666666666667
146,480.3333333333333,296.3333333333333
147,479.0,295.0
148,477.0,293.0
149,478.3333333333333,294.3333333333333
150,479.3333333333333,296.3333333333333
151,479.3333333333333,297.3333333333333
152,478.0,296.0
153,477.3333333333333,293.0
154,477.3333333333333,293.3333333333333
155,479.0,295.1666666666667
156,478.3333333333333,295.8333333333333
157,478.6666666666667,291.5
158,476.6666666666667,286.3333333333333
159,479.0,287.6666666666667
160,479.3333333333333,292.6666666666667
161,479.3333333333333,296.0
162,477.6666666666667,295.3333333333333
163,477.0,292.6666666666667
164,478.0,292.3333333333333
165,480.3333333333333,293.3333333333333
166,480.6666666666667,294.6666666666667
167,479.0,293.3333333333333
198,475.6666666666667,291.6666666666667
199,476.6666666666667,293.0
200,478.3333333333333,296.0
201,478.6666666666667,297.0
202,478.0,295.3333333333333
203,477.0,292.0
204,478.3333333333333,292.3333333333333
205,480.0,294.0
206,480.6666666666667,295.0
207,478.6666666666667,287.6666666666667
208,477.5,281.3333333333333
209,478.8333333333333,282.6666666666667
210,481.5,291.3333333333333
211,480.0,296.6666666666667
212,479.6666666666667,296.0
213,478.3333333333333,293.3333333333333
214,479.3333333333333,293.0
215,479.3333333333333,293.6666666666667
216,479.3333333333333,294.0
217,477.3333333333333,293.0
218,476.6666666666667,293.0
219,477.6666666666667,294.0
220,480.3333333333333,296.3333333333333
221,479.6666666666667,295.6666666666667
222,477.3333333333333,295.0
223,475.6666666666667,293.0
224,476.6666666666667,295.0
225,478.6666666666667,296.3333333333333
226,478.6666666666667,297.3333333333333
227,477.6666666666667,296.3333333333333
228,477.0,293.0
229,478.0,293.0
230,479.6666666666667,294.3333333333333
231,479.3333333333333,296.0
232,479.6666666666667,290.6666666666667
233,478.0,283.3333333333333
234,480.0,284.6666666666667
235,480.0,291.3333333333333
236,480.0,297.0
237,478.6666666666667,296.0
238,477.6666666666667,292.6666666666667
239,478.3333333333333,292.3333333333333
240,479.3333333333333,293.0
241,480.0,294.6666666666667
242,478.3333333333333,294.3333333333333
243,477.0,293.3333333333333
244,477.3333333333333,294.6666666666667
245,480.0,296.0
246,479.6666666666667,296.3333333333333
247,478.3333333333333,295.3333333333333
248,476.6666666666667,293.3333333333333
249,477.6666666666667,294.6666666666667
250,478.6666666666667,295.0
251,478.6666666666667,295.6666666666667
252,477.3333333333333,293.0
253,476.3333333333333,290.3333333333333
254,477.0,291.0
255,480.0,294.3333333333333
0,480.6666666666667,296.0
1,480.3333333333333,296.3333333333333
2,478.6666666666667,286.3333333333333
3,480.0,287.6666666666667
4,481.6666666666667,288.6666666666667
5,481.0,297.0
6,480.3333333333333,296.3333333333333
7,478.6666666666667,293.3333333333333
8,479.0,293.3333333333333
9,479.6666666666667,293.6666666666667
10,479.6666666666667,294.6666666666667
11,478.6666666666667,294.0
42,477.0,293.0
43,477.6666666666667,294.3333333333333
44,478.6666666666667,295.6666666666667
45,478.6666666666667,296.1666666666667
46,477.6666666666667,295.5
47,477.0,292.5
48,477.6666666666667,292.6666666666667
49,480.0,293.6666666666667
50,480.3333333333333,295.3333333333333
51,480.0,295.0
52,478.6666666666667,283.0
53,479.3333333333333,283.6666666666667
54,480.0,284.6666666666667
55,479.3333333333333,296.0
56,480.3333333333333,296.0
57,479.3333333333333,293.3333333333333
58,479.6666666666667,292.3333333333333
59,479.0,292.6666666666667
60,479.6666666666667,294.3333333333333
61,479.0,295.0
62,477.0,294.6666666666667
63,477.6666666666667,295.0
64,478.6666666666667,295.6666666666667
65,479.0,296.0
66,477.3333333333333,295.6666666666667
67,475.6666666666667,294.0
68,476.6666666666667,294.3333333333333
69,477.6666666666667,295.0
70,478.0,295.8333333333333
71,477.0,294.8333333333333
72,475.0,292.1666666666667
73,476.0,292.3333333333333
74,477.6666666666667,293.0
75,480.0,294.6666666666667
76,479.0,294.0
77,474.0,282.6666666666667
78,473.6666666666667,283.0
79,474.0,284.0
80,478.0,295.3333333333333
81,479.0,295.0
82,478.6666666666667,292.3333333333333
83,479.0,291.6666666666667
84,478.3333333333333,292.0
85,479.3333333333333,293.6666666666667
86,478.3333333333333,294.0
87,477.0,293.3333333333333
88,477.0,294.0
89,478.3333333333333,294.3333333333333
90,478.6666666666667,294.6666666666667
91,477.3333333333333,294.6666666666667
92,476.0,293.0
93,476.0,294.0
94,477.6666666666667,294.3333333333333
95,477.6666666666667,295.6666666666667
96,477.3333333333333,295.0
97,475.6666666666667,292.6666666666667
98,476.3333333333333,292.3333333333333
99,477.3333333333333,292.6666666666667
100,478.3333333333333,294.0
101,478.3333333333333,294.3333333333333
102,476.0,284.0
103,476.6666666666667,284.0
104,476.6666666666667,284.6666666666667
105,478.0,295.3333333333333
106,477.6666666666667,296.6666666666667
107,477.3333333333333,293.6666666666667
108,477.6666666666667,292.0
109,478.0,290.6666666666667
110,479.0,293.0
111,479.0,294.1666666666667
142,479.0,292.5
143,477.6666666666667,291.8333333333333
144,479.0,291.6666666666667
145,478.0,293.6666666666667
146,478.3333333333333,294.3333333333333
147,476.3333333333333,291.6666666666667
148,477.0,291.0
149,478.0,290.0
150,479.0,292.3333333333333
151,478.0,293.3333333333333
152,477.3333333333333,294.0
153,477.0,292.6666666666667
154,477.6666666666667,292.3333333333333
155,477.6666666666667,293.0
156,478.3333333333333,295.6666666666667
157,477.6666666666667,293.0
158,478.0,291.3333333333333
159,479.0,289.0
160,480.6666666666667,291.6666666666667
161,480.0,293.0
162,477.8333333333333,293.6666666666667
163,476.8333333333333,293.0
164,477.8333333333333,292.3333333333333
165,479.0,293.0
166,478.3333333333333,294.0
167,477.5,294.6666666666667
168,476.1666666666667,294.3333333333333
169,476.8333333333333,293.3333333333333
170,476.6666666666667,293.0
171,477.8333333333333,294.0
172,477.1666666666667,290.6666666666667
173,477.5,289.6666666666667
174,478.3333333333333,288.3333333333333
175,479.3333333333333,292.3333333333333
176,479.0,293.6666666666667
177,478.0,294.0
178,477.3333333333333,291.6666666666667
179,478.0,291.3333333333333
180,477.6666666666667,292.3333333333333
181,478.6666666666667,295.6666666666667
182,478.3333333333333,295.3333333333333
183,479.0,293.3333333333333
184,479.3333333333333,291.0
185,480.3333333333333,291.3333333333333
186,480.0,293.3333333333333
187,478.6666666666667,295.3333333333333
188,477.6666666666667,294.6666666666667
189,478.3333333333333,293.5
190,479.0,292.8333333333333
191,478.6666666666667,293.3333333333333
192,478.0,293.8333333333333
193,476.6666666666667,293.1666666666667
194,476.6666666666667,293.0
195,476.6666666666667,293.3333333333333
196,477.3333333333333,294.3333333333333
197,477.6666666666667,294.1666666666667
198,478.0,293.1666666666667
199,479.0,292.1666666666667
200,479.6666666666667,292.6666666666667
201,479.0,293.6666666666667
202,478.0,294.3333333333333
203,477.0,292.0
204,477.6666666666667,291.6666666666667
205,478.0,292.3333333333333
206,479.3333333333333,295.6666666666667
207,479.6666666666667,295.3333333333333
208,480.3333333333333,293.0
209,480.3333333333333,290.3333333333333
210,480.6666666666667,291.6666666666667
211,480.0,294.0
242,478.6666666666667,295.6666666666667
243,477.0,293.3333333333333
244,477.0,292.0
245,477.6666666666667,292.6666666666667
246,477.6666666666667,294.3333333333333
247,477.6666666666667,294.3333333333333
248,477.3333333333333,292.0
249,478.0,291.0
250,478.3333333333333,291.6666666666667
251,478.3333333333333,294.0
252,478.3333333333333,294.3333333333333
253,477.0,292.0
254,477.0,291.3333333333333
255,476.6666666666667,292.3333333333333
0,478.3333333333333,295.6666666666667
1,478.6666666666667,295.3333333333333
2,479.3333333333333,293.0
3,479.0,290.3333333333333
4,480.3333333333333,291.0
5,480.0,293.6666666666667
6,479.0,295.3333333333333
7,477.3333333333333,294.0
8,477.3333333333333,292.0
9,478.0,292.3333333333333
10,478.0,294.3333333333333
11,477.6666666666667,295.6666666666667
12,477.0,294.6666666666667
13,476.6666666666667,293.6666666666667
14,477.6666666666667,294.3333333333333
15,478.0,295.6666666666667
16,477.6666666666667,295.6666666666667
17,476.6666666666667,293.0
18,476.6666666666667,291.3333333333333
19,477.6666666666667,291.3333333333333
20,478.3333333333333,294.3333333333333
21,479.3333333333333,295.0
22,479.0,291.3333333333333
23,478.6666666666667,290.3333333333333
24,477.3333333333333,291.3333333333333
25,477.6666666666667,296.0
26,477.3333333333333,295.6666666666667
27,478.0,293.0
28,478.3333333333333,290.0
29,480.0,290.0
30,479.6666666666667,293.0
31,478.3333333333333,295.3333333333333
32,476.0,294.3333333333333
33,476.3333333333333,292.0
34,477.3333333333333,292.0
35,478.0,293.3333333333333
36,477.3333333333333,295.0
37,475.6666666666667,294.0
38,476.0,293.0
39,476.6666666666667,293.3333333333333
40,478.0,294.8333333333333
41,477.3333333333333,295.1666666666667
42,477.0,293.1666666666667
43,477.3333333333333,291.0
44,478.3333333333333,292.0
45,479.3333333333333,295.0
46,479.3333333333333,295.8333333333333
47,478.6666666666667,292.8333333333333
48,478.6666666666667,290.8333333333333
49,478.0,292.3333333333333
50,479.3333333333333,296.0
51,478.6666666666667,296.3333333333333
52,478.3333333333333,293.3333333333333
53,477.6666666666667,290.3333333333333
54,478.3333333333333,290.6666666666667
55,478.6666666666667,293.6666666666667
86,477.6666666666667,295.3333333333333
87,476.3333333333333,294.6666666666667
88,476.3333333333333,292.6666666666667
89,477.3333333333333,294.0
90,478.3333333333333,296.0
91,478.3333333333333,296.6666666666667
92,477.6666666666667,293.6666666666667
93,477.6666666666667,291.0
94,478.6666666666667,292.0
95,480.0,295.3333333333333
96,480.0,296.3333333333333
97,479.3333333333333,292.0
98,478.0,290.0
99,478.0,291.0
100,478.6666666666667,295.6666666666667
101,478.6666666666667,296.0
102,477.6666666666667,292.6666666666667
103,477.0,288.6666666666667
104,478.0,289.3333333333333
105,478.3333333333333,292.6666666666667
106,478.0,296.3333333333333
107,476.0,295.0
108,476.3333333333333,292.0
109,476.6666666666667,291.3333333333333
110,478.0,292.6666666666667
111,477.6666666666667,294.6666666666667
112,476.0,293.6666666666667
113,475.6666666666667,291.6666666666667
114,476.3333333333333,293.0
115,478.3333333333333,295.3333333333333
116,478.0,296.6666666666667
117,475.6666666666667,292.6666666666667
118,475.0,289.6666666666667
119,476.6666666666667,290.3333333333333
120,479.6666666666667,294.0
121,480.0,295.6666666666667
122,478.6666666666667,291.0
123,477.3333333333333,289.6666666666667
124,477.3333333333333,291.0
125,478.3333333333333,296.3333333333333
126,479.0,296.1666666666667
127,478.3333333333333,292.8333333333333
128,477.3333333333333,288.5
129,477.6666666666667,289.3333333333333
130,478.3333333333333,292.6666666666667
131,478.3333333333333,296.0
132,476.1666666666667,294.0
133,475.5,290.6666666666667
134,475.8333333333333,291.0
135,477.0,293.3333333333333
136,477.0,295.3333333333333
137,475.3333333333333,293.3333333333333
138,475.0,291.3333333333333
139,476.0,292.6666666666667
140,478.0,295.3333333333333
141,478.3333333333333,296.3333333333333
142,476.6666666666667,292.3333333333333
143,476.0,288.6666666666667
144,477.0,289.3333333333333
145,479.3333333333333,293.6666666666667
146,479.0,296.0
147,477.6666666666667,294.3333333333333
148,476.0,292.6666666666667
149,477.0,294.0
150,478.3333333333333,296.6666666666667
151,478.6666666666667,296.3333333333333
152,478.0,293.0
153,477.3333333333333,288.6666666666667
154,478.3333333333333,289.6666666666667
155,478.6666666666667,292.6666666666667
186,478.3333333333333,296.0
187,475.6666666666667,293.6666666666667
188,474.6666666666667,291.3333333333333
189,475.0,292.0
190,477.3333333333333,294.6666666666667
191,477.3333333333333,296.0
192,477.0,293.3333333333333
193,477.0,290.3333333333333
194,478.6666666666667,291.0
195,480.6666666666667,294.0
196,480.0,295.6666666666667
197,476.0,290.3333333333333
198,474.0,288.3333333333333
199,474.6666666666667,289.6666666666667
200,479.0,295.3333333333333
201,479.3333333333333,295.6666666666667
202,478.6666666666667,291.6666666666667
203,477.0,286.6666666666667
204,477.6666666666667,287.6666666666667
205,477.6666666666667,291.6666666666667
206,478.3333333333333,296.0
207,476.6666666666667,294.0
208,476.6666666666667,291.0
209,476.3333333333333,291.0
210,477.0,293.3333333333333
211,477.0,295.3333333333333
212,477.3333333333333,295.3333333333333
213,477.3333333333333,292.6666666666667
214,477.6666666666667,294.0
215,478.6666666666667,295.0
216,478.6666666666667,296.6666666666667
217,477.0,291.8333333333333
218,476.0,288.1666666666667
219,477.0,288.8333333333333
220,480.6666666666667,293.6666666666667
221,480.5,295.6666666666667
222,478.8333333333333,291.0
223,476.1666666666667,288.3333333333333
224,477.0,289.6666666666667
225,479.0,294.6666666666667
226,480.0,296.0
227,479.0,293.0
228,478.3333333333333,288.0
229,478.6666666666667,288.3333333333333
230,479.0,291.3333333333333
231,479.0,295.8333333333333
232,477.3333333333333,294.5
233,477.3333333333333,290.8333333333333
234,476.6666666666667,290.6666666666667
235,477.6666666666667,292.6666666666667
236,477.3333333333333,295.6666666666667
237,477.3333333333333,295.6666666666667
238,475.6666666666667,292.3333333333333
239,476.0,293.3333333333333
240,477.3333333333333,294.0
241,478.3333333333333,296.0
242,477.3333333333333,292.6666666666667
243,476.0,288.6666666666667
244,477.3333333333333,289.3333333333333
245,481.0,292.3333333333333
246,481.3333333333333,294.6666666666667
247,475.6666666666667,290.0
248,473.0,288.0
249,473.6666666666667,289.6666666666667
250,479.6666666666667,295.0
251,480.3333333333333,296.0
252,479.6666666666667,292.6666666666667
253,479.3333333333333,288.3333333333333
254,479.0,288.6666666666667
255,479.0,292.3333333333333
30,477.6666666666667,295.3333333333333
31,476.6666666666667,295.0
32,472.3333333333333,290.0
33,473.0,291.0
34,474.3333333333333,292.3333333333333
35,478.3333333333333,295.3333333333333
36,477.6666666666667,294.6666666666667
37,474.0,286.3333333333333
38,474.6666666666667,287.3333333333333
39,476.3333333333333,288.3333333333333
40,478.6666666666667,294.6666666666667
41,477.6666666666667,294.3333333333333
42,475.0,289.0
43,476.0,290.6666666666667
44,477.0,291.6666666666667
45,479.3333333333333,296.3333333333333
46,478.3333333333333,292.0
47,478.3333333333333,287.6666666666667
48,478.0,287.0
49,478.3333333333333,291.3333333333333
50,478.0,295.0
51,477.0,295.6666666666667
52,476.6666666666667,292.0
53,476.0,292.0
54,476.6666666666667,292.6666666666667
55,476.3333333333333,295.6666666666667
56,476.3333333333333,295.8333333333333
57,470.3333333333333,289.6666666666667
58,471.0,290.0
59,472.6666666666667,290.1666666666667
60,478.6666666666667,295.1666666666667
61,478.3333333333333,294.5
62,473.8333333333333,286.1666666666667
63,474.1666666666667,286.6666666666667
64,475.8333333333333,287.3333333333333
65,478.3333333333333,294.3333333333333
66,477.3333333333333,294.0
67,476.0,292.0
68,477.3333333333333,293.6666666666667
69,478.6666666666667,294.0
70,479.0,295.0
71,479.3333333333333,290.6666666666667
72,479.0,286.6666666666667
73,479.3333333333333,287.0
74,479.0,291.3333333333333
75,478.6666666666667,295.0
76,477.6666666666667,294.6666666666667
77,475.3333333333333,290.6666666666667
78,475.0,290.6666666666667
79,476.0,292.6666666666667
80,477.3333333333333,295.6666666666667
81,477.0,295.6666666666667
82,473.3333333333333,289.0
83,473.6666666666667,289.6666666666667
84,475.0,290.3333333333333
85,478.6666666666667,295.3333333333333
86,478.0,294.3333333333333
87,475.6666666666667,288.3333333333333
88,475.0,287.6666666666667
89,477.3333333333333,289.3333333333333
90,478.3333333333333,294.0
91,477.8333333333333,294.6666666666667
92,475.1666666666667,293.6666666666667
93,475.5,295.0
94,476.6666666666667,295.3333333333333
95,478.0,295.0
96,478.0,293.0
97,478.0,288.3333333333333
98,477.6666666666667,288.0
99,478.3333333333333,290.5
130,477.3333333333333,295.1666666666667
131,477.0,295.8333333333333
132,476.6666666666667,294.8333333333333
133,476.0,294.5
134,477.0,294.1666666666667
135,477.3333333333333,294.3333333333333
136,477.6666666666667,294.0
137,473.6666666666667,285.3333333333333
138,472.6666666666667,284.3333333333333
139,475.0,285.0
140,478.3333333333333,293.3333333333333
141,478.0,294.3333333333333
142,476.3333333333333,294.3333333333333
143,476.0,294.6666666666667
144,477.3333333333333,294.3333333333333
145,477.6666666666667,293.6666666666667
146,478.3333333333333,293.0
147,479.0,288.6666666666667
148,478.6666666666667,288.3333333333333
149,478.6666666666667,289.6666666666667
150,477.5,294.3333333333333
151,477.1666666666667,295.6666666666667
152,475.5,292.0
153,474.3333333333333,291.3333333333333
154,474.6666666666667,291.3333333333333
155,476.0,294.6666666666667
156,476.6666666666667,295.3333333333333
157,476.6666666666667,294.6666666666667
158,475.6666666666667,294.0
159,476.6666666666667,293.6666666666667
160,477.3333333333333,294.3333333333333
161,478.3333333333333,295.3333333333333
162,476.3333333333333,287.3333333333333
163,475.0,285.6666666666667
164,476.3333333333333,284.6666666666667
165,477.6666666666667,292.3333333333333
166,477.6666666666667,293.6666666666667
167,476.3333333333333,294.0
168,476.3333333333333,294.3333333333333
169,477.3333333333333,293.6666666666667
170,478.0,293.6666666666667
171,478.0,293.0
172,478.0,287.3333333333333
173,476.6666666666667,286.0
174,477.0,287.0
175,476.6666666666667,293.6666666666667
176,477.3333333333333,295.0
177,472.3333333333333,290.6666666666667
178,471.0,289.0
179,471.3333333333333,288.6666666666667
180,475.6666666666667,293.0
181,476.3333333333333,294.0
182,475.6666666666667,294.0
183,474.6666666666667,293.6666666666667
184,476.3333333333333,293.0
185,477.0,294.0
186,478.0,294.0
187,477.0,294.3333333333333
188,476.3333333333333,292.0
189,478.3333333333333,291.3333333333333
190,478.6666666666667,291.6666666666667
191,479.0,293.0
192,477.3333333333333,293.6666666666667
193,476.6666666666667,293.3333333333333
194,477.0,293.0
195,477.3333333333333,292.6666666666667
196,478.0,293.0
197,478.0,294.0
198,477.3333333333333,291.3333333333333
199,477.3333333333333,291.6666666666667
230,477.0,291.6666666666667
231,477.3333333333333,294.6666666666667
232,477.0,294.0
233,476.0,293.3333333333333
234,476.3333333333333,292.6666666666667
235,477.0,293.5
236,478.3333333333333,294.8333333333333
237,477.6666666666667,295.5
238,476.3333333333333,292.0
239,477.6666666666667,289.6666666666667
240,478.6666666666667,289.3333333333333
241,479.0,292.3333333333333
242,477.0,293.6666666666667
243,476.3333333333333,293.6666666666667
244,477.0,293.0
245,477.6666666666667,292.6666666666667
246,479.0,293.3333333333333
247,480.0,294.3333333333333
248,479.3333333333333,290.6666666666667
249,478.3333333333333,290.3333333333333
250,477.0,290.3333333333333
251,477.6666666666667,295.0
252,477.0,294.6666666666667
253,475.3333333333333,293.6666666666667
254,475.3333333333333,293.0
255,476.3333333333333,294.0
0,477.6666666666667,295.0
1,477.3333333333333,294.6666666666667
2,476.0,293.6666666666667
3,476.6666666666667,292.6666666666667
4,477.0,293.3333333333333
5,478.3333333333333,295.0
6,478.0,295.6666666666667
7,477.0,292.6666666666667
8,477.0,290.0
9,477.0,290.0
10,477.3333333333333,293.3333333333333
11,476.3333333333333,295.0
12,476.0,295.0
13,476.6666666666667,293.3333333333333
14,477.3333333333333,292.6666666666667
15,480.0,294.0
16,481.0,295.3333333333333
17,481.0,293.0
18,479.3333333333333,292.0
19,478.3333333333333,292.3333333333333
20,479.3333333333333,296.3333333333333
21,478.6666666666667,296.0
22,477.6666666666667,295.0
23,477.6666666666667,293.0
24,478.0,293.6666666666667
25,478.6666666666667,294.6666666666667
26,477.3333333333333,295.6666666666667
27,477.0,294.6666666666667
28,477.6666666666667,293.3333333333333
29,478.3333333333333,293.6666666666667
30,479.0,294.6666666666667
31,478.3333333333333,295.0
32,476.6666666666667,292.0
33,476.6666666666667,290.0
34,477.3333333333333,291.0
35,478.3333333333333,293.6666666666667
36,477.6666666666667,295.0
37,476.6666666666667,293.6666666666667
38,477.3333333333333,292.6666666666667
39,478.0,292.3333333333333
40,481.3333333333333,295.0
41,482.0,296.3333333333333
42,481.6666666666667,293.0
43,479.0,291.6666666666667
74,478.3333333333333,292.6666666666667
75,478.6666666666667,297.0
76,478.3333333333333,296.3333333333333
77,477.5,294.0
78,477.5,292.3333333333333
79,477.8333333333333,293.3333333333333
80,479.0,295.3333333333333
81,478.6666666666667,296.0
82,478.0,292.0
83,478.0,289.3333333333333
84,478.6666666666667,290.3333333333333
85,479.0,294.0
86,477.8333333333333,295.0
87,476.1666666666667,293.3333333333333
88,476.5,292.3333333333333
89,477.0,292.6666666666667
90,479.6666666666667,294.6666666666667
91,480.0,295.3333333333333
92,479.0,292.0
93,477.6666666666667,291.6666666666667
94,477.6666666666667,292.0
95,480.0,297.0
96,479.3333333333333,297.0
97,478.3333333333333,295.3333333333333
98,476.6666666666667,293.6666666666667
99,477.6666666666667,294.0
100,478.3333333333333,295.6666666666667
101,478.3333333333333,295.6666666666667
102,476.6666666666667,294.3333333333333
103,476.6666666666667,292.3333333333333
104,477.3333333333333,292.6666666666667
105,478.3333333333333,294.3333333333333
106,477.6666666666667,295.6666666666667
107,477.3333333333333,292.3333333333333
108,478.3333333333333,289.3333333333333
109,479.6666666666667,289.6666666666667
110,480.0,293.6666666666667
111,478.6666666666667,295.6666666666667
112,477.3333333333333,295.3333333333333
113,477.0,293.6666666666667
114,477.3333333333333,293.3333333333333
115,480.0,294.6666666666667
116,480.6666666666667,295.3333333333333
117,481.0,292.0
118,479.0,291.0
119,479.0,292.3333333333333
120,480.3333333333333,297.3333333333333
121,480.0,297.6666666666667
122,479.0,296.3333333333333
123,477.3333333333333,294.6666666666667
124,478.3333333333333,295.3333333333333
125,479.3333333333333,296.3333333333333
126,479.0,296.6666666666667
127,478.0,295.0
128,477.0,293.0
129,477.6666666666667,293.6666666666667
130,479.3333333333333,295.6666666666667
131,479.0,296.6666666666667
132,478.3333333333333,292.6666666666667
133,476.6666666666667,289.3333333333333
134,478.3333333333333,289.6666666666667
135,478.6666666666667,293.6666666666667
136,478.3333333333333,295.6666666666667
137,476.6666666666667,294.6666666666667
138,476.3333333333333,293.0
139,477.0,292.3333333333333
140,480.3333333333333,294.6666666666667
141,482.0,295.3333333333333
142,482.6666666666667,292.6666666666667
143,479.6666666666667,291.0
174,479.3333333333333,293.0
175,479.0,297.3333333333333
176,479.0,297.6666666666667
177,477.0,295.3333333333333
178,476.6666666666667,292.6666666666667
179,477.3333333333333,292.6666666666667
180,479.3333333333333,294.6666666666667
181,479.0,295.6666666666667
182,478.3333333333333,292.6666666666667
183,477.0,289.0
184,477.6666666666667,290.0
185,478.6666666666667,294.3333333333333
186,478.6666666666667,297.0
187,479.0,295.3333333333333
188,478.3333333333333,293.0
189,479.0,292.3333333333333
190,480.3333333333333,295.0
191,481.0,295.1666666666667
192,480.3333333333333,292.5
193,478.3333333333333,291.1666666666667
194,478.6666666666667,293.0
195,480.6666666666667,297.3333333333333
196,480.3333333333333,297.6666666666667
197,479.0,295.6666666666667
198,477.0,293.3333333333333
199,478.6666666666667,294.6666666666667
200,479.6666666666667,296.3333333333333
201,479.3333333333333,297.3333333333333
202,477.6666666666667,294.6666666666667
203,476.3333333333333,292.0
204,478.0,292.0
205,479.6666666666667,294.6666666666667
206,480.3333333333333,296.0
207,479.0,292.0
208,478.3333333333333,287.3333333333333
209,479.6666666666667,288.6666666666667
210,480.0,294.0
211,479.0,296.6666666666667
212,478.0,296.0
213,477.6666666666667,293.3333333333333
214,478.3333333333333,293.6666666666667
215,479.6666666666667,294.0
216,480.0,294.6666666666667
217,479.3333333333333,293.3333333333333
218,477.3333333333333,293.3333333333333
219,478.3333333333333,294.6666666666667
220,480.3333333333333,296.6666666666667
221,480.3333333333333,296.0
222,478.6666666666667,295.3333333333333
223,476.8333333333333,293.6666666666667
224,478.1666666666667,295.0
225,479.1666666666667,295.6666666666667
226,478.6666666666667,296.5
227,476.6666666666667,295.5
228,476.3333333333333,292.8333333333333
229,478.0,293.3333333333333
230,480.6666666666667,294.3333333333333
231,481.0,296.3333333333333
232,480.3333333333333,293.0
233,478.6666666666667,287.0
234,480.0,288.0
235,480.6666666666667,292.0
236,480.3333333333333,297.0
237,480.0,295.3333333333333
238,479.0,293.3333333333333
239,479.6666666666667,293.3333333333333
240,479.5,294.6666666666667
241,479.5,295.3333333333333
242,479.1666666666667,294.3333333333333
243,477.6666666666667,293.3333333333333
18,478.6666666666667,294.6666666666667
19,478.6666666666667,296.0
20,478.3333333333333,295.8333333333333
21,477.0,294.8333333333333
22,476.0,291.8333333333333
23,477.3333333333333,292.3333333333333
24,479.3333333333333,293.6666666666667
25,480.0,296.3333333333333
26,480.0,289.3333333333333
27,478.6666666666667,281.6666666666667
28,480.3333333333333,282.0
29,481.3333333333333,290.6666666666667
30,481.0,297.3333333333333
31,480.6666666666667,296.6666666666667
32,478.6666666666667,293.6666666666667
33,479.0,293.0
34,479.3333333333333,293.3333333333333
35,480.0,294.0
36,479.3333333333333,293.6666666666667
37,477.3333333333333,293.0
38,477.6666666666667,294.0
39,479.0,295.3333333333333
40,479.0,295.6666666666667
41,477.6666666666667,295.3333333333333
42,476.3333333333333,293.6666666666667
43,478.0,295.0
44,479.0,295.6666666666667
45,478.6666666666667,296.3333333333333
46,477.0,295.0
47,475.6666666666667,292.0
48,476.6666666666667,292.6666666666667
49,478.6666666666667,294.3333333333333
50,479.3333333333333,296.0
51,478.3333333333333,295.3333333333333
52,475.6666666666667,284.6666666666667
53,477.0,285.3333333333333
54,478.3333333333333,287.3333333333333
55,479.0,296.6666666666667
56,479.0,296.6666666666667
57,477.3333333333333,294.0
58,478.3333333333333,293.6666666666667
59,478.0,294.0
60,479.0,294.3333333333333
61,478.0,294.6666666666667
62,476.0,293.3333333333333
63,476.3333333333333,294.6666666666667
64,477.6666666666667,295.6666666666667
65,478.3333333333333,296.3333333333333
66,477.3333333333333,295.3333333333333
67,475.3333333333333,292.3333333333333
68,476.3333333333333,293.6666666666667
69,476.6666666666667,294.0
70,477.0,295.6666666666667
71,476.3333333333333,294.3333333333333
72,475.6666666666667,291.0
73,477.0,291.3333333333333
74,478.3333333333333,293.0
75,478.6666666666667,296.0
76,477.3333333333333,295.6666666666667
77,472.0,283.1666666666667
78,473.3333333333333,282.8333333333333
79,474.3333333333333,284.1666666666667
80,478.0,295.3333333333333
81,477.0,296.0
82,477.0,293.6666666666667
83,477.6666666666667,293.3333333333333
84,478.6666666666667,293.3333333333333
85,478.6666666666667,293.6666666666667
86,477.6666666666667,293.6666666666667
87,476.3333333333333,292.3333333333333
118,476.3333333333333,293.6666666666667
119,477.0,294.0
120,476.3333333333333,295.0
121,475.6666666666667,294.3333333333333
122,474.0,291.3333333333333
123,476.0,291.3333333333333
124,477.6666666666667,292.3333333333333
125,479.3333333333333,294.3333333333333
126,478.0,294.3333333333333
127,477.0,282.3333333333333
128,477.0,283.0
129,478.3333333333333,283.6666666666667
130,478.0,295.0
131,478.6666666666667,295.6666666666667
132,477.3333333333333,294.0
133,477.6666666666667,293.0
134,478.3333333333333,291.6666666666667
135,479.6666666666667,292.6666666666667
136,479.3333333333333,293.3333333333333
137,476.6666666666667,293.0
138,476.0,293.0
139,476.6666666666667,293.6666666666667
140,478.0,294.6666666666667
141,477.0,294.3333333333333
142,477.0,291.6666666666667
143,477.0,291.6666666666667
144,477.6666666666667,292.0
145,476.5,294.3333333333333
146,476.5,294.6666666666667
147,475.1666666666667,291.6666666666667
148,476.3333333333333,291.3333333333333
149,477.3333333333333,291.0
150,478.6666666666667,294.0
151,477.3333333333333,294.0
152,476.6666666666667,294.0
153,476.3333333333333,293.0
154,477.6666666666667,292.6666666666667
155,477.6666666666667,293.6666666666667
156,478.6666666666667,295.3333333333333
157,477.6666666666667,294.0
158,478.0,291.6666666666667
159,478.6666666666667,290.3333333333333
160,479.6666666666667,292.0
161,478.6666666666667,293.3333333333333
162,476.6666666666667,293.0
163,476.0,292.6666666666667
164,477.0,292.6666666666667
165,478.0,293.3333333333333
166,477.3333333333333,293.3333333333333
167,476.6666666666667,293.0
168,475.6666666666667,293.0
169,476.6666666666667,293.0
170,476.3333333333333,293.3333333333333
171,477.0,293.6666666666667
172,475.0,290.3333333333333
173,475.6666666666667,289.6666666666667
174,476.6666666666667,289.6666666666667
175,478.6666666666667,293.0
176,478.0,294.3333333333333
177,477.3333333333333,294.6666666666667
178,477.6666666666667,293.3333333333333
179,478.3333333333333,292.6666666666667
180,477.6666666666667,293.0
181,478.0,295.6666666666667
182,477.0,293.3333333333333
183,477.6666666666667,291.6666666666667
184,477.6666666666667,289.6666666666667
185,479.3333333333333,292.0
186,479.0,293.0
187,476.6666666666667,293.0
218,474.6666666666667,292.6666666666667
219,475.0,292.0
220,476.3333333333333,293.3333333333333
221,477.6666666666667,294.0
222,478.0,293.6666666666667
223,478.8333333333333,292.6666666666667
224,478.8333333333333,291.6666666666667
225,479.1666666666667,293.3333333333333
226,478.3333333333333,294.3333333333333
227,477.6666666666667,294.3333333333333
228,476.6666666666667,292.0
229,477.6666666666667,291.0
230,478.3333333333333,292.3333333333333
231,478.6666666666667,295.0
232,478.0,295.6666666666667
233,477.6666666666667,293.6666666666667
234,478.0,291.3333333333333
235,478.3333333333333,291.3333333333333
236,478.3333333333333,293.0
237,477.3333333333333,295.0
238,476.6666666666667,294.0
239,477.0,293.3333333333333
240,477.6666666666667,293.0
241,477.3333333333333,294.3333333333333
242,477.0,294.6666666666667
243,475.6666666666667,293.3333333333333
244,475.6666666666667,293.0
245,475.6666666666667,293.3333333333333
246,477.0,294.6666666666667
247,478.0,295.0
248,478.3333333333333,293.3333333333333
249,478.6666666666667,292.3333333333333
250,479.0,292.3333333333333
251,479.0,294.0
252,478.3333333333333,294.3333333333333
253,477.6666666666667,291.0
254,477.6666666666667,290.3333333333333
255,478.0,291.6666666666667
0,478.3333333333333,295.6666666666667
1,478.3333333333333,295.6666666666667
2,478.3333333333333,293.0
3,478.6666666666667,290.6666666666667
4,480.0,291.3333333333333
5,479.6666666666667,293.6666666666667
6,478.6666666666667,295.6666666666667
7,476.6666666666667,294.6666666666667
8,477.0,293.3333333333333
9,477.3333333333333,293.0
10,477.3333333333333,294.3333333333333
11,476.6666666666667,295.0
12,475.3333333333333,293.6666666666667
13,476.0,292.3333333333333
14,476.3333333333333,293.0
15,478.0,294.6666666666667
16,477.6666666666667,294.6666666666667
17,478.3333333333333,293.0
18,478.0,291.3333333333333
19,479.3333333333333,292.3333333333333
20,479.0,294.0
21,478.6666666666667,294.6666666666667
22,477.0,292.6666666666667
23,476.6666666666667,291.6666666666667
24,477.0,292.6666666666667
25,478.3333333333333,295.0
26,478.1666666666667,295.3333333333333
27,477.8333333333333,293.0
28,477.5,291.0
29,478.6666666666667,291.0
30,479.0,293.0
31,478.0,294.3333333333333
62,476.6666666666667,293.3333333333333
63,476.3333333333333,292.3333333333333
64,476.6666666666667,293.3333333333333
65,477.6666666666667,295.0
66,478.0,295.6666666666667
67,478.0,293.3333333333333
68,478.0,292.0
69,478.6666666666667,292.6666666666667
70,479.6666666666667,295.1666666666667
71,478.6666666666667,295.5
72,478.6666666666667,291.5
73,477.6666666666667,290.3333333333333
74,478.3333333333333,291.3333333333333
75,478.3333333333333,295.6666666666667
76,478.6666666666667,295.6666666666667
77,478.6666666666667,292.6666666666667
78,478.3333333333333,289.6666666666667
79,479.0,290.3333333333333
80,478.6666666666667,293.3333333333333
81,477.6666666666667,295.6666666666667
82,476.3333333333333,294.6666666666667
83,476.6666666666667,293.0
84,477.6666666666667,293.0
85,478.3333333333333,294.0
86,478.0,295.0
87,476.6666666666667,294.0
88,476.3333333333333,293.3333333333333
89,476.6666666666667,294.3333333333333
90,478.0,295.6666666666667
91,477.6666666666667,295.6666666666667
92,477.3333333333333,293.3333333333333
93,477.0,291.3333333333333
94,478.3333333333333,292.0
95,479.0,294.3333333333333
96,479.0,295.1666666666667
97,477.3333333333333,291.1666666666667
98,476.6666666666667,290.1666666666667
99,476.6666666666667,291.0
100,478.0,295.6666666666667
101,478.0,295.6666666666667
102,477.6666666666667,293.0
103,477.6666666666667,289.3333333333333
104,479.0,289.6666666666667
105,479.0,293.0
106,478.3333333333333,296.0
107,477.0,295.0
108,477.0,293.0
109,477.3333333333333,292.6666666666667
110,477.3333333333333,293.6666666666667
111,477.0,294.6666666666667
112,475.3333333333333,292.6666666666667
113,475.6666666666667,291.6666666666667
114,476.3333333333333,293.0
115,478.3333333333333,295.3333333333333
116,477.6666666666667,296.0
117,477.0,293.0
118,476.3333333333333,290.6666666666667
119,478.0,291.0
120,479.0,294.3333333333333
121,479.6666666666667,296.0
122,478.3333333333333,293.0
123,477.6666666666667,290.6666666666667
124,478.0,292.0
125,479.3333333333333,295.6666666666667
126,479.0,296.6666666666667
127,478.0,293.3333333333333
128,477.6666666666667,289.6666666666667
129,479.3333333333333,289.6666666666667
130,479.3333333333333,292.3333333333333
131,478.3333333333333,295.3333333333333
162,476.0,294.3333333333333
163,475.3333333333333,292.3333333333333
164,475.6666666666667,293.0
165,477.6666666666667,295.0
166,477.6666666666667,296.3333333333333
167,476.6666666666667,293.0
168,476.0,289.6666666666667
169,477.6666666666667,290.3333333333333
170,479.6666666666667,294.3333333333333
171,479.3333333333333,295.6666666666667
172,478.0,291.8333333333333
173,476.6666666666667,289.1666666666667
174,477.3333333333333,291.1666666666667
175,478.6666666666667,295.3333333333333
176,479.3333333333333,296.0
177,478.6666666666667,293.3333333333333
178,477.6666666666667,289.6666666666667
179,478.3333333333333,290.5
180,478.3333333333333,292.8333333333333
181,478.3333333333333,295.8333333333333
182,476.3333333333333,295.0
183,476.6666666666667,292.3333333333333
184,477.0,292.3333333333333
185,478.0,293.3333333333333
186,477.6666666666667,295.3333333333333
187,476.0,294.3333333333333
188,475.3333333333333,292.3333333333333
189,475.6666666666667,292.6666666666667
190,478.0,294.6666666666667
191,478.1666666666667,295.3333333333333
192,477.1666666666667,292.0
193,476.1666666666667,288.3333333333333
194,477.3333333333333,289.6666666666667
195,480.0,294.3333333333333
196,480.0,296.6666666666667
197,479.0,291.0
198,477.0,287.6666666666667
199,478.0,288.6666666666667
200,479.0,294.6666666666667
201,479.0,296.0
202,478.0,293.0
203,477.0,289.0
204,478.3333333333333,289.0
205,478.6666666666667,292.0
206,478.6666666666667,295.0
207,477.6666666666667,294.3333333333333
208,477.0,291.6666666666667
209,477.3333333333333,292.0
210,477.3333333333333,293.6666666666667
211,477.6666666666667,295.6666666666667
212,477.0,294.3333333333333
213,476.0,291.3333333333333
214,476.3333333333333,292.0
215,478.0,294.0
216,478.6666666666667,295.0
217,477.6666666666667,291.0
218,477.0,287.6666666666667
219,478.3333333333333,289.3333333333333
220,480.6666666666667,294.0
221,480.3333333333333,296.0
222,479.0,291.3333333333333
223,476.6666666666667,288.6666666666667
224,477.3333333333333,290.3333333333333
225,478.6666666666667,295.3333333333333
226,480.0,295.6666666666667
227,479.0,292.3333333333333
228,477.6666666666667,288.0
229,478.0,289.3333333333333
230,478.3333333333333,292.3333333333333
231,478.3333333333333,295.6666666666667
6,477.6666666666667,295.3333333333333
7,476.0,292.0
8,476.3333333333333,293.0
9,477.3333333333333,293.3333333333333
10,479.0,295.3333333333333
11,479.0,290.6666666666667
12,476.6666666666667,286.3333333333333
13,477.3333333333333,287.3333333333333
14,477.6666666666667,292.3333333333333
15,478.3333333333333,295.6666666666667
16,477.0,295.3333333333333
17,476.0,293.6666666666667
18,477.6666666666667,295.3333333333333
19,479.0,296.0
20,479.6666666666667,296.0
21,478.3333333333333,292.0
22,477.3333333333333,286.6666666666667
23,478.0,287.6666666666667
24,478.3333333333333,291.6666666666667
25,478.0,296.3333333333333
26,477.0,294.0
27,475.0,290.1666666666667
28,475.6666666666667,290.5
29,475.8333333333333,293.1666666666667
30,477.1666666666667,295.6666666666667
31,477.1666666666667,295.3333333333333
32,475.0,291.0
33,476.0,292.0
34,476.6666666666667,292.6666666666667
35,478.6666666666667,296.0
36,477.3333333333333,290.6666666666667
37,474.0,284.6666666666667
38,474.6666666666667,285.3333333333333
39,476.6666666666667,290.6666666666667
40,478.6666666666667,294.6666666666667
41,478.0,294.0
42,476.0,291.3333333333333
43,477.3333333333333,293.3333333333333
44,478.3333333333333,294.0
45,479.3333333333333,295.3333333333333
46,480.0,292.0
47,479.6666666666667,287.3333333333333
48,480.3333333333333,288.0
49,479.0,291.6666666666667
50,479.0,295.6666666666667
51,477.3333333333333,294.6666666666667
52,476.0,290.6666666666667
53,475.6666666666667,291.0
54,476.3333333333333,293.0
55,477.0,296.0
56,476.3333333333333,295.6666666666667
57,472.3333333333333,289.6666666666667
58,472.6666666666667,290.3333333333333
59,474.0,291.6666666666667
60,477.6666666666667,296.0
61,477.3333333333333,295.3333333333333
62,474.6666666666667,289.3333333333333
63,475.3333333333333,290.0
64,477.3333333333333,290.6666666666667
65,479.0,295.0
66,478.3333333333333,294.6666666666667
67,476.6666666666667,292.0
68,477.0,293.3333333333333
69,478.3333333333333,294.3333333333333
70,478.6666666666667,296.0
71,479.6666666666667,292.0
72,479.3333333333333,286.6666666666667
73,479.3333333333333,287.0
74,478.3333333333333,291.3333333333333
75,478.0,296.0
106,477.6666666666667,295.6666666666667
107,473.6666666666667,292.0
108,473.3333333333333,292.3333333333333
109,474.6666666666667,293.0
110,478.6666666666667,295.3333333333333
111,476.8333333333333,291.0
112,473.1666666666667,283.6666666666667
113,473.1666666666667,283.6666666666667
114,477.0,288.3333333333333
115,480.0,294.6666666666667
116,479.6666666666667,294.6666666666667
117,477.3333333333333,291.3333333333333
118,477.3333333333333,292.3333333333333
119,478.3333333333333,293.0
120,479.0,295.3333333333333
121,477.6666666666667,290.6666666666667
122,476.3333333333333,284.6666666666667
123,476.0,284.6666666666667
124,477.0,290.0
125,477.6666666666667,295.6666666666667
126,477.5,295.6666666666667
127,475.5,290.3333333333333
128,474.8333333333333,290.0
129,475.3333333333333,291.3333333333333
130,476.6666666666667,295.6666666666667
131,476.6666666666667,296.0
132,473.6666666666667,291.6666666666667
133,473.6666666666667,291.6666666666667
134,475.3333333333333,292.0
135,479.0,295.0
136,478.6666666666667,294.6666666666667
137,473.6666666666667,286.3333333333333
138,473.0,286.3333333333333
139,475.6666666666667,287.0
140,479.3333333333333,294.6666666666667
141,478.6666666666667,294.6666666666667
142,476.3333333333333,292.0
143,476.3333333333333,292.6666666666667
144,477.6666666666667,293.0
145,478.3333333333333,294.6666666666667
146,478.1666666666667,293.6666666666667
147,477.5,288.3333333333333
148,477.5,288.0
149,478.0,289.0
150,478.0,294.6666666666667
151,477.3333333333333,295.6666666666667
152,474.0,291.0
153,472.6666666666667,290.0
154,473.3333333333333,290.3333333333333
155,476.0,294.3333333333333
156,476.6666666666667,294.6666666666667
157,474.3333333333333,290.6666666666667
158,474.0,290.6666666666667
159,475.3333333333333,290.6666666666667
160,478.3333333333333,294.6666666666667
161,478.6666666666667,294.3333333333333
162,475.6666666666667,288.0
163,474.6666666666667,286.3333333333333
164,477.3333333333333,287.3333333333333
165,479.6666666666667,293.6666666666667
166,479.0,294.6666666666667
167,477.0,294.3333333333333
168,477.0,294.3333333333333
169,478.3333333333333,294.3333333333333
170,478.3333333333333,294.0
171,477.6666666666667,293.6666666666667
172,476.0,288.5
173,475.3333333333333,287.5
174,476.6666666666667,288.8333333333333
175,477.6666666666667,294.6666666666667
206,477.6666666666667,295.6666666666667
207,476.6666666666667,294.3333333333333
208,475.3333333333333,293.6666666666667
209,476.3333333333333,293.8333333333333
210,477.0,294.8333333333333
211,478.6666666666667,295.5
212,478.3333333333333,295.0
213,477.3333333333333,293.0
214,479.0,292.0
215,479.6666666666667,292.3333333333333
216,480.0,294.0
217,478.3333333333333,294.3333333333333
218,477.3333333333333,293.6666666666667
219,478.3333333333333,293.3333333333333
220,478.6666666666667,293.3333333333333
221,479.0,294.0
222,479.3333333333333,288.6666666666667
223,478.0,286.3333333333333
224,478.3333333333333,287.0
225,477.3333333333333,293.0
226,478.3333333333333,296.0
227,472.0,291.6666666666667
228,470.6666666666667,290.0
229,470.6666666666667,289.6666666666667
230,476.3333333333333,294.0
231,477.0,295.3333333333333
232,476.3333333333333,295.0
233,475.6666666666667,294.3333333333333
234,476.3333333333333,293.5
235,477.6666666666667,294.8333333333333
236,478.6666666666667,295.8333333333333
237,478.3333333333333,296.3333333333333
238,477.6666666666667,293.0
239,480.0,291.3333333333333
240,481.0,291.3333333333333
241,480.6666666666667,293.6666666666667
242,478.0,294.3333333333333
243,476.6666666666667,294.3333333333333
244,477.3333333333333,293.6666666666667
245,478.0,293.3333333333333
246,478.6666666666667,293.6666666666667
247,478.6666666666667,294.6666666666667
248,477.0,292.6666666666667
249,477.3333333333333,292.3333333333333
250,476.6666666666667,292.3333333333333
251,477.6666666666667,295.3333333333333
252,476.6666666666667,295.3333333333333
253,475.6666666666667,293.1666666666667
254,475.3333333333333,292.5
255,475.6666666666667,293.1666666666667
0,476.3333333333333,294.6666666666667
1,476.6666666666667,294.3333333333333
2,476.0,293.6666666666667
3,477.0,293.0
4,478.0,293.6666666666667
5,479.3333333333333,294.6666666666667
6,479.0,295.3333333333333
7,477.3333333333333,293.0
8,479.3333333333333,291.3333333333333
9,480.3333333333333,292.0
10,481.0,294.3333333333333
11,478.3333333333333,294.6666666666667
12,477.0,294.0
13,477.6666666666667,293.0
14,478.3333333333333,293.0
15,479.3333333333333,293.0
16,479.0,294.0
17,478.3333333333333,291.3333333333333
18,478.0,291.6666666666667
19,478.0,292.0
50,477.6666666666667,295.3333333333333
51,476.6666666666667,295.0
52,476.3333333333333,293.3333333333333
53,477.0,292.0
54,477.6666666666667,292.6666666666667
55,478.3333333333333,295.3333333333333
56,478.6666666666667,296.3333333333333
57,478.0,292.6666666666667
58,478.3333333333333,290.0
59,478.6666666666667,290.6666666666667
60,479.0,294.3333333333333
61,477.6666666666667,295.3333333333333
62,476.0,294.3333333333333
63,476.3333333333333,293.0
64,477.3333333333333,293.0
65,479.6666666666667,294.3333333333333
66,480.6666666666667,295.3333333333333
67,480.6666666666667,291.3333333333333
68,480.0,290.6666666666667
69,478.6666666666667,291.0
70,479.0,296.6666666666667
71,477.6666666666667,297.0
72,476.6666666666667,296.0
73,476.0,294.0
74,476.6666666666667,294.0
75,477.6666666666667,294.6666666666667
76,477.0,294.6666666666667
77,476.3333333333333,293.6666666666667
78,476.6666666666667,292.3333333333333
79,477.3333333333333,293.3333333333333
80,478.3333333333333,294.6666666666667
81,478.1666666666667,295.6666666666667
82,477.5,291.6666666666667
83,478.1666666666667,289.3333333333333
84,478.6666666666667,289.6666666666667
85,479.0,293.6666666666667
86,477.3333333333333,294.6666666666667
87,476.6666666666667,294.6666666666667
88,477.0,293.3333333333333
89,477.6666666666667,293.3333333333333
90,479.3333333333333,294.3333333333333
91,479.0,295.6666666666667
92,478.3333333333333,291.3333333333333
93,477.0,290.6666666666667
94,477.3333333333333,290.6666666666667
95,478.6666666666667,296.3333333333333
96,478.0,295.6666666666667
97,476.6666666666667,294.0
98,475.3333333333333,293.0
99,476.0,293.6666666666667
100,477.3333333333333,295.3333333333333
101,477.3333333333333,295.3333333333333
102,476.3333333333333,294.3333333333333
103,476.3333333333333,292.6666666666667
104,477.0,293.0
105,478.3333333333333,294.6666666666667
106,478.0,295.6666666666667
107,477.3333333333333,292.6666666666667
108,478.0,289.3333333333333
109,478.6666666666667,289.3333333333333
110,479.3333333333333,293.3333333333333
111,477.6666666666667,295.3333333333333
112,476.6666666666667,294.6666666666667
113,476.6666666666667,293.0
114,477.3333333333333,292.6666666666667
115,479.3333333333333,294.3333333333333
116,480.0,294.6666666666667
117,479.0,290.6666666666667
118,478.0,290.3333333333333
119,477.3333333333333,291.3333333333333
150,478.3333333333333,296.6666666666667
151,477.3333333333333,296.0
152,476.3333333333333,295.5
153,476.3333333333333,293.5
154,477.0,294.1666666666667
155,478.6666666666667,295.0
156,478.0,295.6666666666667
157,477.6666666666667,291.6666666666667
158,477.3333333333333,288.3333333333333
159,478.6666666666667,289.0
160,479.0,293.3333333333333
161,478.1666666666667,295.3333333333333
162,477.1666666666667,294.3333333333333
163,476.8333333333333,292.3333333333333
164,477.6666666666667,292.3333333333333
165,480.3333333333333,294.3333333333333
166,481.3333333333333,295.3333333333333
167,481.5,292.0
168,479.1666666666667,291.0
169,479.1666666666667,292.0
170,480.0,297.0
171,479.6666666666667,297.0
172,480.1666666666667,297.0
173,479.1666666666667,295.0
174,480.1666666666667,296.3333333333333
175,479.3333333333333,296.5
176,478.3333333333333,297.1666666666667
177,478.0,295.5
178,477.3333333333333,293.3333333333333
179,478.3333333333333,293.6666666666667
180,479.0,295.0
181,479.0,296.0
182,478.3333333333333,292.3333333333333
183,477.3333333333333,288.6666666666667
184,478.3333333333333,289.0
185,478.5,292.6666666666667
186,477.8333333333333,295.0
187,476.8333333333333,294.6666666666667
188,476.6666666666667,293.0
189,477.3333333333333,293.0
190,479.6666666666667,294.3333333333333
191,480.0,295.3333333333333
192,480.0,294.0
193,478.0,292.6666666666667
194,478.6666666666667,293.6666666666667
195,480.3333333333333,296.3333333333333
196,480.0,296.6666666666667
197,479.3333333333333,295.6666666666667
198,477.3333333333333,294.0
199,478.6666666666667,295.3333333333333
200,479.3333333333333,296.6666666666667
201,479.3333333333333,297.0
202,477.6666666666667,295.0
203,476.6666666666667,292.6666666666667
204,477.6666666666667,293.0
205,479.0,295.0
206,479.0,296.0
207,478.6666666666667,292.3333333333333
208,477.6666666666667,287.6666666666667
209,478.6666666666667,288.3333333333333
210,478.6666666666667,292.6666666666667
211,478.3333333333333,295.6666666666667
212,477.3333333333333,295.0
213,476.6666666666667,292.6666666666667
214,477.3333333333333,292.3333333333333
215,479.6666666666667,293.6666666666667
216,480.3333333333333,295.3333333333333
217,480.0,294.3333333333333
218,478.0,293.0
219,478.6666666666667,294.0
250,479.6666666666667,296.6666666666667
251,479.0,296.8333333333333
252,478.0,295.3333333333333
253,476.6666666666667,293.0
254,477.6666666666667,293.1666666666667
255,478.6666666666667,294.0
0,479.0,294.6666666666667
1,478.6666666666667,291.3333333333333
2,477.0,286.0
3,478.0,287.0
4,478.3333333333333,291.3333333333333
5,478.3333333333333,296.3333333333333
6,477.6666666666667,295.0
7,477.3333333333333,292.6666666666667
8,478.3333333333333,292.3333333333333
9,480.0,293.6666666666667
10,480.3333333333333,294.3333333333333
11,479.3333333333333,292.6666666666667
12,477.3333333333333,292.0
13,477.6666666666667,293.0
14,479.6666666666667,295.6666666666667
15,479.6666666666667,295.6666666666667
16,479.3333333333333,294.6666666666667
17,477.6666666666667,292.6666666666667
18,479.0,294.0
19,479.0,295.3333333333333
20,478.6666666666667,296.3333333333333
21,478.3333333333333,296.3333333333333
22,477.3333333333333,293.6666666666667
23,478.6666666666667,294.3333333333333
24,478.8333333333333,294.3333333333333
25,479.1666666666667,295.6666666666667
26,475.1666666666667,292.3333333333333
27,473.3333333333333,285.6666666666667
28,474.3333333333333,286.6666666666667
29,477.6666666666667,290.6666666666667
30,478.3333333333333,295.6666666666667
31,478.0,295.3333333333333
32,477.6666666666667,293.0
33,478.3333333333333,293.0
34,479.6666666666667,293.6666666666667
35,480.3333333333333,295.0
36,479.3333333333333,295.0
37,477.3333333333333,294.0
38,477.6666666666667,294.6666666666667
39,479.3333333333333,296.0
40,479.3333333333333,296.0
41,477.3333333333333,294.0
42,475.3333333333333,291.6666666666667
43,477.0,293.0
44,479.0,295.3333333333333
45,479.0,296.3333333333333
46,478.0,295.6666666666667
47,477.0,293.0
48,478.3333333333333,294.0
49,479.3333333333333,294.6666666666667
50,479.3333333333333,295.6666666666667
51,478.1666666666667,288.3333333333333
52,474.1666666666667,281.6666666666667
53,475.1666666666667,282.6666666666667
54,476.3333333333333,290.3333333333333
55,478.6666666666667,295.6666666666667
56,478.8333333333333,295.1666666666667
57,477.8333333333333,292.8333333333333
58,478.1666666666667,292.1666666666667
59,479.0,292.8333333333333
60,480.0,294.1666666666667
61,478.6666666666667,294.3333333333333
62,476.6666666666667,293.5
63,477.0,294.1666666666667
94,478.6666666666667,295.6666666666667
95,478.0,296.0
96,477.0,295.3333333333333
97,476.3333333333333,292.0
98,478.0,292.0
99,480.0,293.6666666666667
100,480.3333333333333,296.0
101,479.3333333333333,295.6666666666667
102,474.0,285.8333333333333
103,474.6666666666667,286.5
104,475.3333333333333,287.8333333333333
105,478.3333333333333,296.6666666666667
106,478.6666666666667,295.6666666666667
107,477.6666666666667,292.3333333333333
108,478.6666666666667,291.6666666666667
109,479.3333333333333,292.6666666666667
110,479.6666666666667,294.6666666666667
111,479.0,295.3333333333333
112,477.0,294.0
113,478.0,294.6666666666667
114,479.6666666666667,295.0
115,480.0,295.3333333333333
116,479.0,294.6666666666667
117,477.3333333333333,293.0
118,477.6666666666667,294.3333333333333
119,478.0,295.3333333333333
120,477.3333333333333,296.0
121,476.3333333333333,295.0
122,475.6666666666667,291.6666666666667
123,477.0,292.0
124,479.0,293.0
125,479.6666666666667,295.3333333333333
126,478.6666666666667,295.0
127,475.3333333333333,285.0
128,475.3333333333333,285.3333333333333
129,476.6666666666667,286.6666666666667
130,478.3333333333333,296.3333333333333
131,479.6666666666667,295.6666666666667
132,478.0,292.6666666666667
133,478.6666666666667,291.6666666666667
134,478.6666666666667,292.0
135,480.6666666666667,293.3333333333333
136,480.0,294.0
137,478.0,293.3333333333333
138,477.6666666666667,294.0
139,478.6666666666667,294.3333333333333
140,479.0,294.6666666666667
141,477.6666666666667,294.3333333333333
142,476.3333333333333,293.3333333333333
143,476.6666666666667,294.3333333333333
144,477.6666666666667,295.0
145,477.6666666666667,295.6666666666667
146,477.0,295.0
147,475.6666666666667,292.0
148,476.6666666666667,292.3333333333333
149,478.6666666666667,292.6666666666667
150,479.6666666666667,294.6666666666667
151,478.6666666666667,293.8333333333333
152,472.6666666666667,283.8333333333333
153,472.3333333333333,284.1666666666667
154,473.6666666666667,285.3333333333333
155,478.3333333333333,295.6666666666667
156,479.0,296.3333333333333
157,477.6666666666667,293.6666666666667
158,477.6666666666667,292.3333333333333
159,478.3333333333333,291.6666666666667
160,479.6666666666667,293.3333333333333
161,479.3333333333333,294.0
162,476.6666666666667,293.6666666666667
163,476.0,293.6666666666667
194,476.6666666666667,293.6666666666667
195,478.0,294.6666666666667
196,477.6666666666667,294.8333333333333
197,476.3333333333333,292.5
198,477.0,291.5
199,478.0,291.3333333333333
200,479.3333333333333,293.6666666666667
201,478.6666666666667,294.0
202,478.0,282.3333333333333
203,478.0,281.3333333333333
204,479.1666666666667,282.0
205,479.5,294.3333333333333
206,479.5,296.3333333333333
207,478.0,293.0
208,478.0,291.0
209,478.6666666666667,289.3333333333333
210,480.3333333333333,292.6666666666667
211,480.0,294.3333333333333
212,477.6666666666667,293.6666666666667
213,476.3333333333333,292.6666666666667
214,477.0,292.3333333333333
215,478.6666666666667,293.6666666666667
216,478.3333333333333,294.3333333333333
217,478.0,294.6666666666667
218,477.0,294.3333333333333
219,477.3333333333333,293.6666666666667
220,476.6666666666667,293.3333333333333
221,477.3333333333333,294.3333333333333
222,476.0,291.3333333333333
223,476.6666666666667,291.0
224,477.6666666666667,290.0
225,479.6666666666667,293.6666666666667
226,478.6666666666667,294.0
227,477.6666666666667,294.3333333333333
228,476.3333333333333,292.6666666666667
229,477.3333333333333,293.3333333333333
230,477.3333333333333,294.3333333333333
231,478.6666666666667,296.3333333333333
232,477.0,293.3333333333333
233,477.0,291.0
234,477.3333333333333,289.3333333333333
235,479.6666666666667,292.3333333333333
236,479.3333333333333,293.6666666666667
237,478.6666666666667,295.0
238,477.1666666666667,294.0
239,477.8333333333333,294.0
240,478.5,294.3333333333333
241,478.3333333333333,294.6666666666667
242,477.6666666666667,295.0
243,476.6666666666667,293.3333333333333
244,477.3333333333333,293.0
245,477.3333333333333,293.3333333333333
246,477.3333333333333,295.0
247,476.0,291.6666666666667
248,477.0,290.6666666666667
249,478.0,290.0
250,479.6666666666667,293.6666666666667
251,478.3333333333333,294.0
252,477.0,294.0
253,475.6666666666667,292.0
254,476.3333333333333,292.0
255,476.6666666666667,292.6666666666667
0,478.3333333333333,295.3333333333333
1,478.3333333333333,295.6666666666667
2,479.0,293.6666666666667
3,478.6666666666667,291.3333333333333
4,480.0,290.6666666666667
5,479.3333333333333,292.6666666666667
6,478.6666666666667,294.6666666666667
7,477.0,294.0
38,477.0,292.6666666666667
39,477.0,293.0
40,477.3333333333333,294.6666666666667
41,477.3333333333333,295.3333333333333
42,478.0,293.3333333333333
43,478.0,291.6666666666667
44,479.0,291.6666666666667
45,478.3333333333333,293.6666666666667
46,478.0,294.3333333333333
47,476.6666666666667,292.3333333333333
48,476.6666666666667,291.3333333333333
49,476.6666666666667,292.6666666666667
50,478.0,295.6666666666667
51,478.3333333333333,296.0
52,478.3333333333333,293.3333333333333
53,478.0,291.0
54,479.0,291.3333333333333
55,479.3333333333333,293.6666666666667
56,478.3333333333333,295.3333333333333
57,477.0,294.6666666666667
58,477.0,293.3333333333333
59,478.0,293.3333333333333
60,478.0,294.0
61,477.6666666666667,294.3333333333333
62,476.0,293.6666666666667
63,476.3333333333333,292.6666666666667
64,476.6666666666667,294.3333333333333
65,478.0,295.6666666666667
66,478.0,296.3333333333333
67,477.6666666666667,294.3333333333333
68,477.6666666666667,292.6666666666667
69,478.0,292.3333333333333
70,478.3333333333333,294.3333333333333
71,477.6666666666667,294.6666666666667
72,477.3333333333333,292.3333333333333
73,476.6666666666667,290.3333333333333
74,477.3333333333333,291.6666666666667
75,477.6666666666667,295.6666666666667
76,478.3333333333333,296.3333333333333
77,478.3333333333333,293.3333333333333
78,478.3333333333333,290.0
79,479.3333333333333,290.3333333333333
80,479.0,293.0
81,478.0,295.6666666666667
82,476.5,294.6666666666667
83,476.5,293.0
84,477.1666666666667,293.0
85,477.3333333333333,294.3333333333333
86,477.0,295.3333333333333
87,475.3333333333333,293.6666666666667
88,475.3333333333333,292.3333333333333
89,476.0,293.3333333333333
90,477.3333333333333,295.0
91,476.6666666666667,295.6666666666667
92,476.0,293.0
93,476.0,292.0
94,477.6666666666667,292.3333333333333
95,478.6666666666667,294.6666666666667
96,478.6666666666667,295.0
97,478.0,291.0
98,477.3333333333333,290.0
99,477.6666666666667,290.6666666666667
100,478.0,295.6666666666667
101,478.0,296.3333333333333
102,477.6666666666667,293.6666666666667
103,478.3333333333333,290.0
104,480.3333333333333,289.6666666666667
105,480.6666666666667,292.3333333333333
106,479.3333333333333,295.0
107,476.3333333333333,294.0
138,476.0,293.0
139,476.6666666666667,293.6666666666667
140,478.3333333333333,295.6666666666667
141,478.3333333333333,295.6666666666667
142,477.3333333333333,292.6666666666667
143,477.0,290.6666666666667
144,478.3333333333333,291.6666666666667
145,480.3333333333333,295.0
146,480.3333333333333,295.6666666666667
147,477.3333333333333,291.0
148,476.0,289.3333333333333
149,475.6666666666667,290.6666666666667
150,478.3333333333333,295.6666666666667
151,478.6666666666667,296.3333333333333
152,478.6666666666667,293.6666666666667
153,478.0,290.6666666666667
154,478.3333333333333,291.0
155,478.6666666666667,294.0
156,478.3333333333333,296.0
157,476.3333333333333,294.6666666666667
158,476.0,292.3333333333333
159,476.6666666666667,292.8333333333333
160,477.6666666666667,294.5
161,477.6666666666667,296.1666666666667
162,475.6666666666667,295.0
163,476.0,293.6666666666667
164,476.0,294.0
165,478.3333333333333,295.6666666666667
166,477.6666666666667,295.3333333333333
167,477.3333333333333,292.6666666666667
168,477.0,290.6666666666667
169,478.6666666666667,292.0
170,480.3333333333333,295.3333333333333
171,480.0,296.3333333333333
172,478.6666666666667,292.6666666666667
173,478.0,290.6666666666667
174,478.0,291.3333333333333
175,479.3333333333333,295.3333333333333
176,479.0,295.3333333333333
177,478.6666666666667,292.6666666666667
178,478.0,289.6666666666667
179,479.0,290.3333333333333
180,479.0,293.6666666666667
181,478.3333333333333,296.0
182,476.3333333333333,295.3333333333333
183,476.6666666666667,292.3333333333333
184,477.0,292.6666666666667
185,478.0,294.0
186,477.6666666666667,296.0
187,476.3333333333333,294.3333333333333
188,476.0,293.0
189,476.6666666666667,294.0
190,478.3333333333333,296.6666666666667
191,478.6666666666667,297.3333333333333
192,478.3333333333333,294.3333333333333
193,478.3333333333333,291.3333333333333
194,479.3333333333333,291.6666666666667
195,480.3333333333333,295.0
196,479.6666666666667,295.6666666666667
197,478.3333333333333,292.0
198,477.0,290.0
199,477.3333333333333,292.0
200,478.6666666666667,296.0
201,479.0,296.0
202,479.0,292.6666666666667
203,478.0,288.6666666666667
204,478.6666666666667,289.6666666666667
205,479.0,293.0
206,479.0,296.6666666666667
207,477.6666666666667,294.6666666666667
238,476.6666666666667,292.3333333333333
239,476.6666666666667,293.0
240,478.1666666666667,295.3333333333333
241,478.1666666666667,295.6666666666667
242,477.8333333333333,292.3333333333333
243,477.0,288.6666666666667
244,478.6666666666667,290.0
245,480.6666666666667,293.3333333333333
246,480.3333333333333,295.6666666666667
247,478.0,291.0
248,476.0,289.3333333333333
249,477.0,290.6666666666667
250,479.3333333333333,296.0
251,480.0,296.3333333333333
252,479.3333333333333,293.3333333333333
253,478.0,288.6666666666667
254,478.3333333333333,289.0
255,478.6666666666667,292.3333333333333
0,479.0,296.1666666666667
1,478.3333333333333,295.1666666666667
2,477.5,291.8333333333333
3,477.8333333333333,291.6666666666667
4,478.1666666666667,293.3333333333333
5,478.0,295.6666666666667
6,476.0,293.0
7,475.0,291.3333333333333
8,476.0,292.0
9,478.6666666666667,295.6666666666667
10,478.6666666666667,296.6666666666667
11,478.1666666666667,293.0
12,476.1666666666667,289.0
13,477.8333333333333,289.6666666666667
14,479.6666666666667,294.0
15,481.0,296.0
16,479.6666666666667,290.3333333333333
17,477.0,286.6666666666667
18,477.3333333333333,289.0
19,478.6666666666667,294.3333333333333
20,480.0,296.3333333333333
21,480.0,292.6666666666667
22,479.0,288.6666666666667
23,479.6666666666667,289.3333333333333
24,479.0,292.3333333333333
25,479.3333333333333,296.0
26,478.0,294.3333333333333
27,477.0,290.6666666666667
28,476.6666666666667,290.6666666666667
29,477.0,292.3333333333333
30,477.3333333333333,295.3333333333333
31,477.3333333333333,295.3333333333333
32,475.3333333333333,292.0
33,476.3333333333333,292.6666666666667
34,477.0,293.3333333333333
35,478.6666666666667,295.6666666666667
36,478.3333333333333,291.3333333333333
37,476.6666666666667,286.0
38,478.0,286.6666666666667
39,479.0,291.0
40,480.3333333333333,295.0
41,478.0,288.3333333333333
42,476.3333333333333,286.6666666666667
43,477.0,288.3333333333333
44,479.0,295.3333333333333
45,480.0,295.6666666666667
46,479.0,292.0
47,478.0,287.8333333333333
48,478.3333333333333,288.5
49,478.0,291.5
50,478.3333333333333,295.3333333333333
51,478.3333333333333,294.6666666666667
82,476.0,289.0
83,476.0,289.3333333333333
84,476.0,290.6666666666667
85,478.3333333333333,295.3333333333333
86,476.6666666666667,290.3333333333333
87,476.0,283.3333333333333
88,477.0,284.0
89,479.3333333333333,289.0
90,478.8333333333333,294.6666666666667
91,477.5,294.6666666666667
92,476.5,291.0
93,477.3333333333333,292.3333333333333
94,478.6666666666667,292.6666666666667
95,479.6666666666667,295.3333333333333
96,479.0,291.3333333333333
97,479.6666666666667,286.3333333333333
98,479.6666666666667,286.6666666666667
99,479.6666666666667,291.0
100,478.3333333333333,295.6666666666667
101,477.3333333333333,295.1666666666667
102,476.6666666666667,290.8333333333333
103,476.3333333333333,290.5
104,476.6666666666667,292.3333333333333
105,477.0,295.3333333333333
106,476.6666666666667,295.6666666666667
107,473.6666666666667,288.3333333333333
108,474.3333333333333,289.3333333333333
109,476.0,289.6666666666667
110,478.6666666666667,295.3333333333333
111,479.0,289.3333333333333
112,475.6666666666667,283.3333333333333
113,476.3333333333333,283.6666666666667
114,477.0,289.6666666666667
115,478.3333333333333,294.6666666666667
116,477.3333333333333,294.6666666666667
117,476.0,293.0
118,477.0,294.3333333333333
119,478.3333333333333,295.0
120,479.0,295.6666666666667
121,479.0,293.6666666666667
122,480.0,288.0
123,480.0,288.3333333333333
124,480.3333333333333,290.6666666666667
125,478.6666666666667,295.6666666666667
126,478.0,295.0
127,476.6666666666667,290.3333333333333
128,476.0,290.3333333333333
129,476.6666666666667,292.0
130,477.6666666666667,295.3333333333333
131,478.3333333333333,295.6666666666667
132,474.3333333333333,290.0
133,474.0,290.3333333333333
134,475.0,290.6666666666667
135,478.3333333333333,295.0
136,478.0,294.0
137,473.6666666666667,286.6666666666667
138,474.3333333333333,287.0
139,476.0,288.0
140,479.0,294.0
141,478.0,293.6666666666667
142,476.3333333333333,293.0
143,476.6666666666667,294.0
144,478.3333333333333,294.6666666666667
145,479.0,295.0
146,478.3333333333333,293.6666666666667
147,478.6666666666667,288.3333333333333
148,479.0,288.3333333333333
149,480.0,290.6666666666667
150,478.3333333333333,295.6666666666667
151,477.3333333333333,295.6666666666667
182,473.3333333333333,291.0
183,473.0,291.0
184,474.3333333333333,291.6666666666667
185,478.0,294.6666666666667
186,477.6666666666667,294.0
187,472.6666666666667,285.0
188,472.6666666666667,284.6666666666667
189,475.0,285.0
190,478.6666666666667,293.3333333333333
191,477.6666666666667,294.3333333333333
192,476.6666666666667,294.3333333333333
193,476.6666666666667,294.6666666666667
194,478.3333333333333,294.6666666666667
195,478.3333333333333,294.3333333333333
196,479.3333333333333,293.3333333333333
197,479.3333333333333,287.6666666666667
198,479.3333333333333,287.3333333333333
199,479.3333333333333,289.0
200,478.6666666666667,294.3333333333333
201,477.6666666666667,295.0
202,474.6666666666667,289.6666666666667
203,474.0,289.3333333333333
204,474.6666666666667,289.6666666666667
205,476.6666666666667,294.3333333333333
206,476.6666666666667,294.6666666666667
207,476.6666666666667,294.3333333333333
208,476.3333333333333,294.3333333333333
209,477.6666666666667,294.6666666666667
210,477.3333333333333,294.6666666666667
211,477.5,294.3333333333333
212,474.5,285.3333333333333
213,474.5,284.3333333333333
214,476.3333333333333,283.6666666666667
215,478.3333333333333,292.0
216,478.0,293.0
217,477.0,293.6666666666667
218,476.6666666666667,293.0
219,477.6666666666667,293.0
220,478.0,293.0
221,478.3333333333333,293.6666666666667
222,479.6666666666667,287.0
223,478.6666666666667,285.6666666666667
224,479.3333333333333,286.6666666666667
225,477.6666666666667,294.0
226,478.0,295.3333333333333
227,474.3333333333333,290.0
228,473.3333333333333,288.6666666666667
229,473.6666666666667,288.6666666666667
230,476.6666666666667,293.6666666666667
231,477.0,294.6666666666667
232,476.6666666666667,294.3333333333333
233,475.6666666666667,294.3333333333333
234,477.0,293.6666666666667
235,477.6666666666667,294.3333333333333
236,478.6666666666667,293.6666666666667
237,478.0,294.0
238,477.3333333333333,291.6666666666667
239,478.6666666666667,291.3333333333333
240,478.6666666666667,291.6666666666667
241,478.3333333333333,293.6666666666667
242,477.0,294.3333333333333
243,476.6666666666667,293.6666666666667
244,477.6666666666667,293.3333333333333
245,478.3333333333333,293.3333333333333
246,478.6666666666667,293.0
247,476.6666666666667,287.6666666666667
248,475.3333333333333,285.6666666666667
249,475.3333333333333,287.3333333333333
250,476.6666666666667,293.0
251,477.0,295.3333333333333
26,476.3333333333333,294.3333333333333
27,475.3333333333333,294.3333333333333
28,476.1666666666667,293.0
29,477.1666666666667,293.3333333333333
30,477.8333333333333,294.0
31,477.6666666666667,294.0
32,476.3333333333333,292.0
33,477.3333333333333,290.3333333333333
34,477.6666666666667,291.6666666666667
35,478.0,293.6666666666667
36,476.6666666666667,294.6666666666667
37,476.3333333333333,293.6666666666667
38,477.0,293.0
39,478.0,292.6666666666667
40,479.6666666666667,294.3333333333333
41,481.6666666666667,289.0
42,482.3333333333333,286.6666666666667
43,481.3333333333333,286.3333333333333
44,479.3333333333333,292.3333333333333
45,478.6666666666667,295.6666666666667
46,477.6666666666667,295.0
47,476.6666666666667,294.3333333333333
48,477.6666666666667,293.3333333333333
49,478.6666666666667,294.6666666666667
50,479.3333333333333,296.0
51,477.6666666666667,296.3333333333333
52,476.3333333333333,293.6666666666667
53,476.6666666666667,292.3333333333333
54,477.6666666666667,293.0
55,478.3333333333333,295.0
56,478.0,295.3333333333333
57,476.0,292.3333333333333
58,475.6666666666667,290.3333333333333
59,475.6666666666667,290.6666666666667
60,477.0,293.0
61,476.6666666666667,294.0
62,476.3333333333333,293.3333333333333
63,477.3333333333333,293.0
64,478.6666666666667,293.0
65,483.0,295.0
66,484.0,296.0
67,486.0,293.3333333333333
68,483.0,292.0
69,481.3333333333333,292.0
70,479.6666666666667,296.0
71,479.3333333333333,296.3333333333333
72,478.3333333333333,294.3333333333333
73,479.0,293.3333333333333
74,479.3333333333333,293.6666666666667
75,479.6666666666667,295.6666666666667
76,477.6666666666667,296.0
77,476.3333333333333,294.0
78,477.3333333333333,292.3333333333333
79,478.0,292.3333333333333
80,478.3333333333333,294.0
81,477.3333333333333,294.6666666666667
82,476.0,292.0
83,477.0,290.3333333333333
84,477.6666666666667,290.6666666666667
85,478.3333333333333,293.6666666666667
86,477.0,294.6666666666667
87,475.6666666666667,294.0
88,476.6666666666667,292.6666666666667
89,477.6666666666667,292.6666666666667
90,481.3333333333333,295.0
91,482.0,296.6666666666667
92,482.3333333333333,293.0
93,480.3333333333333,291.6666666666667
94,479.6666666666667,291.6666666666667
95,480.0,297.0
126,479.3333333333333,296.6666666666667
127,477.3333333333333,295.0
128,476.6666666666667,292.0
129,477.0,292.6666666666667
130,478.6666666666667,294.3333333333333
131,478.0,295.6666666666667
132,477.0,292.6666666666667
133,477.0,290.0
134,477.3333333333333,289.6666666666667
135,478.0,292.3333333333333
136,477.0,294.0
137,476.5,294.0
138,476.1666666666667,293.0
139,476.8333333333333,292.6666666666667
140,479.0,293.6666666666667
141,480.0,294.3333333333333
142,479.1666666666667,290.3333333333333
143,477.8333333333333,290.0
144,477.8333333333333,290.6666666666667
145,479.6666666666667,296.3333333333333
146,479.3333333333333,296.6666666666667
147,477.6666666666667,296.0
148,476.3333333333333,294.3333333333333
149,476.6666666666667,294.6666666666667
150,477.6666666666667,295.0
151,477.3333333333333,295.0
152,476.0,293.3333333333333
153,476.3333333333333,291.6666666666667
154,477.3333333333333,292.3333333333333
155,478.6666666666667,294.3333333333333
156,478.3333333333333,295.6666666666667
157,476.6666666666667,292.0
158,476.6666666666667,289.3333333333333
159,477.6666666666667,290.0
160,479.0,294.3333333333333
161,478.0,295.6666666666667
162,477.1666666666667,294.6666666666667
163,476.8333333333333,292.6666666666667
164,477.8333333333333,292.3333333333333
165,480.0,293.0
166,480.3333333333333,293.6666666666667
167,479.6666666666667,290.3333333333333
168,477.6666666666667,290.0
169,478.3333333333333,291.3333333333333
170,479.6666666666667,296.3333333333333
171,479.3333333333333,296.6666666666667
172,478.6666666666667,294.3333333333333
173,478.0,292.3333333333333
174,479.3333333333333,293.0
175,479.3333333333333,294.6666666666667
176,478.3333333333333,295.3333333333333
177,476.6666666666667,294.3333333333333
178,475.6666666666667,293.3333333333333
179,476.3333333333333,294.0
180,477.3333333333333,295.8333333333333
181,478.0,296.5
182,477.0,292.8333333333333
183,475.6666666666667,289.3333333333333
184,476.3333333333333,290.0
185,477.0,293.6666666666667
186,477.6666666666667,295.6666666666667
187,476.3333333333333,294.1666666666667
188,476.3333333333333,292.8333333333333
189,476.6666666666667,292.1666666666667
190,480.0,293.6666666666667
191,481.6666666666667,294.3333333333333
192,482.6666666666667,290.3333333333333
193,480.0,289.6666666666667
194,480.0,290.3333333333333
195,480.6666666666667,296.0
226,480.3333333333333,296.0
227,479.1666666666667,296.3333333333333
228,477.1666666666667,294.0
229,477.8333333333333,294.6666666666667
230,478.6666666666667,295.0
231,479.0,296.0
232,478.3333333333333,292.3333333333333
233,477.3333333333333,288.3333333333333
234,478.0,289.0
235,479.0,293.6666666666667
236,478.3333333333333,296.3333333333333
237,477.0,295.6666666666667
238,476.3333333333333,293.0
239,477.0,292.3333333333333
240,479.6666666666667,293.6666666666667
241,480.3333333333333,294.6666666666667
242,479.6666666666667,293.6666666666667
243,477.3333333333333,292.3333333333333
244,478.0,293.6666666666667
245,480.0,296.5
246,480.3333333333333,296.8333333333333
247,478.3333333333333,293.8333333333333
248,477.0,292.0
249,478.0,293.6666666666667
250,479.3333333333333,296.6666666666667
251,479.0,297.6666666666667
252,477.6666666666667,295.8333333333333
253,477.0,292.8333333333333
254,478.0,292.8333333333333
255,479.3333333333333,294.0
0,479.3333333333333,295.0
1,478.3333333333333,292.0
2,477.0,287.6666666666667
3,478.0,289.0
4,478.3333333333333,292.6666666666667
5,478.0,295.6666666666667
6,477.6666666666667,295.0
7,477.0,293.0
8,477.6666666666667,292.6666666666667
9,479.3333333333333,293.3333333333333
10,480.3333333333333,294.3333333333333
11,480.0,292.6666666666667
12,478.0,292.0
13,478.6666666666667,293.0
14,480.3333333333333,296.0
15,480.0,296.3333333333333
16,478.0,294.3333333333333
17,477.0,292.3333333333333
18,478.0,293.0
19,479.3333333333333,295.0
20,478.0,296.0
21,476.6666666666667,295.3333333333333
22,476.0,292.3333333333333
23,477.3333333333333,292.6666666666667
24,479.0,293.6666666666667
25,479.0,295.3333333333333
26,476.6666666666667,293.0
27,474.6666666666667,288.0
28,475.6666666666667,289.0
29,478.0,292.6666666666667
30,478.3333333333333,296.3333333333333
31,478.3333333333333,295.0
32,478.0,292.3333333333333
33,478.6666666666667,292.3333333333333
34,479.6666666666667,293.6666666666667
35,479.6666666666667,294.3333333333333
36,479.0,292.6666666666667
37,477.3333333333333,291.8333333333333
38,478.3333333333333,293.1666666666667
39,480.0,295.8333333333333
70,479.3333333333333,296.3333333333333
71,478.3333333333333,295.0
72,476.6666666666667,292.0
73,478.3333333333333,291.6666666666667
74,480.3333333333333,293.6666666666667
75,481.3333333333333,295.0
76,479.1666666666667,289.0
77,476.5,282.3333333333333
78,477.1666666666667,284.0
79,478.6666666666667,291.6666666666667
80,479.0,297.0
81,478.0,296.1666666666667
82,477.3333333333333,292.5
83,477.6666666666667,291.8333333333333
84,479.3333333333333,292.3333333333333
85,479.6666666666667,294.0
86,478.6666666666667,294.6666666666667
87,477.0,294.0
88,477.6666666666667,295.3333333333333
89,479.6666666666667,296.3333333333333
90,479.3333333333333,296.3333333333333
91,478.3333333333333,296.0
92,477.3333333333333,293.3333333333333
93,478.6666666666667,294.3333333333333
94,479.0,294.6666666666667
95,478.3333333333333,295.6666666666667
96,476.6666666666667,294.1666666666667
97,476.0,291.5
98,477.3333333333333,292.1666666666667
99,479.3333333333333,295.0
100,480.0,296.3333333333333
101,478.3333333333333,293.0
102,476.3333333333333,285.0
103,477.0,286.3333333333333
104,478.6666666666667,291.0
105,478.6666666666667,297.0
106,478.6666666666667,296.3333333333333
107,477.6666666666667,293.0
108,478.6666666666667,293.0
109,479.3333333333333,293.0
110,479.6666666666667,294.6666666666667
111,478.6666666666667,293.6666666666667
112,477.0,293.0
113,477.6666666666667,293.6666666666667
114,479.1666666666667,295.6666666666667
115,479.1666666666667,296.0
116,478.1666666666667,295.6666666666667
117,477.0,293.3333333333333
118,478.0,294.6666666666667
119,478.3333333333333,295.3333333333333
120,478.0,296.3333333333333
121,477.0,295.6666666666667
122,476.6666666666667,292.3333333333333
123,477.6666666666667,292.6666666666667
124,479.6666666666667,293.6666666666667
125,480.3333333333333,295.3333333333333
126,480.0,295.3333333333333
127,477.6666666666667,283.6666666666667
128,478.0,285.0
129,478.6666666666667,286.0
130,479.3333333333333,296.3333333333333
131,479.0,295.0
132,478.6666666666667,292.0
133,479.0,291.6666666666667
134,479.6666666666667,292.6666666666667
135,479.3333333333333,294.3333333333333
136,478.6666666666667,294.0
137,478.3333333333333,293.3333333333333
138,478.6666666666667,294.0
139,480.3333333333333,295.3333333333333
170,478.6666666666667,296.0
171,478.0,295.6666666666667
172,476.3333333333333,292.3333333333333
173,477.6666666666667,292.0
174,479.3333333333333,292.6666666666667
175,479.3333333333333,295.0
176,478.0,295.0
177,473.0,284.3333333333333
178,473.0,284.3333333333333
179,474.3333333333333,284.6666666666667
180,478.0,295.0
181,479.3333333333333,294.6666666666667
182,478.6666666666667,292.0
183,478.6666666666667,291.0
184,479.0,291.6666666666667
185,479.3333333333333,294.0
186,479.3333333333333,294.6666666666667
187,477.3333333333333,294.3333333333333
188,478.0,294.6666666666667
189,479.0,295.0
190,479.6666666666667,295.0
191,478.3333333333333,295.0
192,476.8333333333333,293.0
193,476.5,293.3333333333333
194,477.5,293.3333333333333
195,477.6666666666667,294.6666666666667
196,477.6666666666667,294.3333333333333
197,476.3333333333333,291.8333333333333
198,477.0,292.1666666666667
199,478.6666666666667,292.5
200,480.0,294.0
201,479.6666666666667,293.6666666666667
202,478.3333333333333,282.6666666666667
203,478.6666666666667,282.6666666666667
204,479.0,283.3333333333333
205,479.3333333333333,295.0
206,479.3333333333333,296.6666666666667
207,478.3333333333333,293.0
208,478.3333333333333,291.3333333333333
209,478.6666666666667,290.0
210,479.6666666666667,293.3333333333333
211,479.3333333333333,294.3333333333333
212,478.3333333333333,294.0
213,478.6666666666667,293.6666666666667
214,479.6666666666667,293.6666666666667
215,479.6666666666667,294.0
216,478.6666666666667,294.3333333333333
217,477.3333333333333,293.3333333333333
218,476.8333333333333,294.0
219,477.5,294.6666666666667
220,477.1666666666667,295.6666666666667
221,477.6666666666667,296.0
222,476.3333333333333,293.0
223,477.3333333333333,292.3333333333333
224,479.3333333333333,291.6666666666667
225,480.6666666666667,293.6666666666667
226,480.0,294.3333333333333
227,477.3333333333333,283.1666666666667
228,477.3333333333333,281.8333333333333
229,478.0,282.5
230,479.3333333333333,294.6666666666667
231,479.6666666666667,297.3333333333333
232,478.3333333333333,293.3333333333333
233,478.0,291.3333333333333
234,478.0,289.6666666666667
235,479.3333333333333,293.3333333333333
236,479.0,295.0
237,477.0,295.3333333333333
238,477.0,294.3333333333333
239,477.3333333333333,293.6666666666667
14,478.3333333333333,294.0
15,477.3333333333333,294.6666666666667
16,476.3333333333333,294.3333333333333
17,476.6666666666667,293.3333333333333
18,477.6666666666667,292.3333333333333
19,478.3333333333333,292.6666666666667
20,478.0,294.0
21,477.6666666666667,294.6666666666667
22,478.0,293.0
23,478.0,292.3333333333333
24,478.3333333333333,293.0
25,478.3333333333333,295.6666666666667
26,479.0,296.3333333333333
27,478.6666666666667,294.0
28,479.0,291.6666666666667
29,479.6666666666667,291.6666666666667
30,479.3333333333333,293.6666666666667
31,478.0,295.3333333333333
32,477.0,294.3333333333333
33,477.8333333333333,293.3333333333333
34,478.8333333333333,292.6666666666667
35,478.5,293.3333333333333
36,477.6666666666667,294.0
37,476.3333333333333,294.3333333333333
38,477.0,293.3333333333333
39,477.3333333333333,294.0
40,478.0,294.0
41,477.3333333333333,294.6666666666667
42,477.0,292.6666666666667
43,477.6666666666667,292.0
44,478.3333333333333,292.3333333333333
45,478.8333333333333,295.0
46,478.8333333333333,295.6666666666667
47,477.8333333333333,293.3333333333333
48,478.3333333333333,292.0
49,477.6666666666667,292.6666666666667
50,478.6666666666667,295.6666666666667
51,477.6666666666667,295.3333333333333
52,478.0,293.6666666666667
53,478.6666666666667,291.0
54,480.3333333333333,291.3333333333333
55,480.3333333333333,292.6666666666667
56,479.0,295.3333333333333
57,477.3333333333333,294.3333333333333
58,477.6666666666667,293.3333333333333
59,478.3333333333333,292.3333333333333
60,478.3333333333333,293.3333333333333
61,477.6666666666667,294.0
62,475.6666666666667,293.3333333333333
63,476.0,293.0
64,476.3333333333333,294.0
65,478.0,294.6666666666667
66,477.8333333333333,295.3333333333333
67,478.1666666666667,293.3333333333333
68,478.8333333333333,292.6666666666667
69,479.6666666666667,292.6666666666667
70,480.0,294.6666666666667
71,479.3333333333333,295.3333333333333
72,477.6666666666667,293.6666666666667
73,478.0,292.3333333333333
74,478.3333333333333,293.0
75,480.3333333333333,295.3333333333333
76,479.3333333333333,295.6666666666667
77,478.6666666666667,293.3333333333333
78,478.3333333333333,290.3333333333333
79,479.3333333333333,290.6666666666667
80,479.6666666666667,293.0
81,478.6666666666667,295.3333333333333
82,477.6666666666667,294.3333333333333
83,477.6666666666667,292.6666666666667
114,477.6666666666667,293.3333333333333
115,477.6666666666667,294.6666666666667
116,477.3333333333333,295.3333333333333
117,477.3333333333333,293.0
118,477.6666666666667,291.3333333333333
119,479.0,291.6666666666667
120,479.3333333333333,294.0
121,478.6666666666667,294.6666666666667
122,478.0,291.6666666666667
123,478.3333333333333,290.0
124,478.8333333333333,291.6666666666667
125,479.1666666666667,295.6666666666667
126,478.8333333333333,296.3333333333333
127,478.3333333333333,293.3333333333333
128,477.6666666666667,290.6666666666667
129,479.0,291.0
130,479.3333333333333,293.3333333333333
131,479.0,295.3333333333333
132,477.0,294.3333333333333
133,477.0,292.6666666666667
134,477.6666666666667,292.5
135,478.0,293.8333333333333
136,477.6666666666667,294.8333333333333
137,475.3333333333333,294.3333333333333
138,475.6666666666667,292.6666666666667
139,475.6666666666667,293.6666666666667
140,478.0,295.0
141,478.0,295.6666666666667
142,478.0,292.3333333333333
143,478.0,290.0
144,478.0,291.0
145,478.6666666666667,294.6666666666667
146,478.0,295.6666666666667
147,477.6666666666667,291.6666666666667
148,477.0,290.0
149,477.3333333333333,291.0
150,478.3333333333333,295.3333333333333
151,479.0,295.6666666666667
152,478.6666666666667,293.0
153,478.3333333333333,290.0
154,479.3333333333333,290.6666666666667
155,479.6666666666667,293.6666666666667
156,479.0,296.0
157,477.0,295.0
158,476.6666666666667,292.6666666666667
159,477.3333333333333,292.6666666666667
160,477.6666666666667,293.3333333333333
161,477.3333333333333,294.6666666666667
162,476.3333333333333,293.3333333333333
163,476.3333333333333,292.0
164,477.3333333333333,292.6666666666667
165,478.3333333333333,295.0
166,478.6666666666667,295.5
167,477.6666666666667,292.8333333333333
168,477.6666666666667,290.5
169,478.0,291.6666666666667
170,478.6666666666667,294.3333333333333
171,478.3333333333333,295.6666666666667
172,477.0,291.6666666666667
173,477.0,290.3333333333333
174,477.0,291.0
175,478.3333333333333,295.6666666666667
176,478.3333333333333,296.6666666666667
177,478.0,293.3333333333333
178,477.6666666666667,289.6666666666667
179,478.3333333333333,289.6666666666667
180,478.6666666666667,293.0
181,478.3333333333333,295.6666666666667
182,477.3333333333333,294.3333333333333
183,476.6666666666667,292.0
214,477.6666666666667,292.6666666666667
215,478.3333333333333,294.8333333333333
216,478.6666666666667,296.1666666666667
217,477.3333333333333,292.8333333333333
218,477.0,289.6666666666667
219,477.6666666666667,290.0
220,479.0,293.6666666666667
221,478.6666666666667,295.6666666666667
222,477.0,292.6666666666667
223,476.0,291.0
224,476.6666666666667,292.0
225,478.6666666666667,296.0
226,479.0,296.0
227,478.0,292.0
228,477.3333333333333,287.6666666666667
229,479.0,288.3333333333333
230,479.6666666666667,292.3333333333333
231,479.0,295.6666666666667
232,476.3333333333333,294.1666666666667
233,475.6666666666667,291.5
234,476.5,291.8333333333333
235,477.6666666666667,294.0
236,478.0,295.6666666666667
237,476.5,294.0
238,476.0,292.0
239,476.6666666666667,293.3333333333333
240,478.6666666666667,295.0
241,478.3333333333333,296.0
242,476.6666666666667,292.0
243,476.0,289.3333333333333
244,477.3333333333333,289.3333333333333
245,479.3333333333333,293.3333333333333
246,479.0,295.0
247,476.6666666666667,291.3333333333333
248,475.6666666666667,289.6666666666667
249,476.3333333333333,291.3333333333333
250,478.6666666666667,296.0
251,479.3333333333333,295.6666666666667
252,478.3333333333333,291.6666666666667
253,478.0,287.3333333333333
254,478.6666666666667,288.0
255,479.3333333333333,291.6666666666667
0,478.6666666666667,295.6666666666667
1,476.6666666666667,294.0
2,475.6666666666667,291.0
3,475.6666666666667,290.6666666666667
4,477.0,293.6666666666667
5,477.3333333333333,296.0
6,475.6666666666667,293.3333333333333
7,475.0,290.0
8,476.0,290.6666666666667
9,478.3333333333333,294.0
10,477.6666666666667,296.0
11,476.6666666666667,292.6666666666667
12,475.3333333333333,289.6666666666667
13,476.6666666666667,290.0
14,478.6666666666667,294.3333333333333
15,479.3333333333333,296.0
16,476.6666666666667,291.0
17,474.6666666666667,289.0
18,475.6666666666667,290.6666666666667
19,479.0,296.3333333333333
20,479.6666666666667,296.3333333333333
21,478.6666666666667,292.0
22,477.3333333333333,287.6666666666667
23,478.6666666666667,287.6666666666667
24,479.0,291.6666666666667
25,479.0,295.3333333333333
26,477.0,294.0
27,475.6666666666667,291.0
58,476.3333333333333,292.3333333333333
59,477.6666666666667,295.0
60,479.0,296.6666666666667
61,479.3333333333333,292.3333333333333
62,477.3333333333333,287.3333333333333
63,477.6666666666667,288.0
64,478.3333333333333,291.6666666666667
65,479.3333333333333,295.0
66,477.0,289.6666666666667
67,475.3333333333333,288.0
68,476.3333333333333,289.6666666666667
69,479.0,295.6666666666667
70,479.0,296.0
71,479.3333333333333,291.6666666666667
72,478.6666666666667,286.3333333333333
73,480.0,287.3333333333333
74,479.3333333333333,291.6666666666667
75,479.6666666666667,296.6666666666667
76,477.3333333333333,294.6666666666667
77,476.0,291.3333333333333
78,475.3333333333333,291.1666666666667
79,476.6666666666667,294.1666666666667
80,477.3333333333333,296.5
81,475.3333333333333,294.0
82,473.6666666666667,290.0
83,474.6666666666667,290.6666666666667
84,477.6666666666667,294.0
85,478.6666666666667,296.3333333333333
86,476.3333333333333,292.3333333333333
87,474.3333333333333,287.6666666666667
88,475.3333333333333,288.0
89,478.6666666666667,292.0
90,479.6666666666667,295.3333333333333
91,479.0,295.3333333333333
92,477.0,294.0
93,478.0,295.3333333333333
94,479.3333333333333,296.0
95,479.6666666666667,296.3333333333333
96,479.6666666666667,291.0
97,480.3333333333333,285.6666666666667
98,481.0,286.3333333333333
99,480.6666666666667,291.6666666666667
100,478.6666666666667,296.3333333333333
101,476.3333333333333,294.0
102,474.0,289.6666666666667
103,474.3333333333333,289.3333333333333
104,476.3333333333333,292.6666666666667
105,478.0,296.3333333333333
106,477.3333333333333,297.0
107,476.0,292.6666666666667
108,476.3333333333333,293.0
109,477.6666666666667,293.3333333333333
110,478.6666666666667,295.6666666666667
111,478.6666666666667,292.0
112,476.6666666666667,286.0
113,477.0,287.0
114,478.0,290.6666666666667
115,478.6666666666667,295.3333333333333
116,478.0,295.3333333333333
117,476.3333333333333,293.3333333333333
118,477.6666666666667,294.6666666666667
119,479.0,295.0
120,479.6666666666667,295.6666666666667
121,479.6666666666667,291.0
122,480.0,285.6666666666667
123,481.0,286.6666666666667
124,480.6666666666667,291.3333333333333
125,479.0,296.6666666666667
126,477.3333333333333,294.0
127,475.3333333333333,290.0
158,475.6666666666667,289.6666666666667
159,477.0,292.6666666666667
160,478.3333333333333,295.6666666666667
161,478.0,295.3333333333333
162,477.0,289.3333333333333
163,477.3333333333333,289.3333333333333
164,479.3333333333333,290.0
165,479.6666666666667,294.3333333333333
166,479.0,294.3333333333333
167,475.3333333333333,292.0
168,475.3333333333333,293.3333333333333
169,477.0,294.0
170,479.3333333333333,295.3333333333333
171,479.6666666666667,293.3333333333333
172,480.3333333333333,289.0
173,480.3333333333333,289.0
174,480.6666666666667,291.6666666666667
175,479.0,295.6666666666667
176,478.3333333333333,295.3333333333333
177,475.0,290.6666666666667
178,474.6666666666667,290.3333333333333
179,475.6666666666667,292.0
180,478.3333333333333,296.0
181,478.3333333333333,296.3333333333333
182,477.3333333333333,290.6666666666667
183,477.3333333333333,290.6666666666667
184,478.3333333333333,291.3333333333333
185,478.6666666666667,295.5
186,478.0,294.5
187,475.0,286.1666666666667
188,474.6666666666667,286.0
189,476.6666666666667,286.6666666666667
190,478.3333333333333,293.0
191,478.3333333333333,293.0
192,476.6666666666667,291.5
193,477.3333333333333,293.1666666666667
194,478.6666666666667,293.8333333333333
195,479.3333333333333,295.0
196,479.6666666666667,294.0
197,481.0,290.0
198,481.0,289.6666666666667
199,481.0,291.3333333333333
200,478.6666666666667,295.3333333333333
201,478.0,296.0
202,476.3333333333333,290.3333333333333
203,475.6666666666667,290.0
204,476.6666666666667,291.0
205,478.3333333333333,296.0
206,478.3333333333333,296.3333333333333
207,474.0,292.0
208,473.3333333333333,292.0
209,475.0,292.0
210,479.0,295.0
211,479.0,294.6666666666667
212,472.3333333333333,285.3333333333333
213,471.6666666666667,285.0
214,473.0,284.0
215,478.3333333333333,292.6666666666667
216,478.0,292.6666666666667
217,477.3333333333333,293.3333333333333
218,477.0,294.0
219,478.3333333333333,294.3333333333333
220,478.6666666666667,294.0
221,479.6666666666667,293.0
222,481.6666666666667,288.0
223,482.0,287.3333333333333
224,482.0,289.0
225,479.6666666666667,294.3333333333333
226,478.3333333333333,295.6666666666667
227,477.6666666666667,290.6666666666667
2,476.3333333333333,290.3333333333333
3,477.3333333333333,289.6666666666667
4,477.6666666666667,294.0
5,478.0,294.3333333333333
6,477.3333333333333,295.0
7,477.0,293.0
8,479.3333333333333,292.3333333333333
9,479.6666666666667,292.6666666666667
10,479.3333333333333,294.3333333333333
11,477.6666666666667,294.3333333333333
12,477.0,293.3333333333333
13,477.6666666666667,293.0
14,477.6666666666667,293.3333333333333
15,478.0,294.0
16,476.3333333333333,288.3333333333333
17,475.3333333333333,286.3333333333333
18,475.6666666666667,286.3333333333333
19,477.3333333333333,292.6666666666667
20,477.6666666666667,295.0
21,474.0,288.6666666666667
22,472.6666666666667,287.0
23,473.0,287.0
24,476.0,293.0
25,476.6666666666667,294.3333333333333
26,476.6666666666667,293.6666666666667
27,476.0,293.3333333333333
28,477.6666666666667,292.6666666666667
29,479.3333333333333,293.3333333333333
30,480.0,294.3333333333333
31,479.6666666666667,294.8333333333333
32,478.6666666666667,292.1666666666667
33,481.0,291.1666666666667
34,482.0,292.3333333333333
35,481.3333333333333,295.3333333333333
36,479.3333333333333,295.6666666666667
37,477.6666666666667,293.3333333333333
38,478.0,292.3333333333333
39,478.3333333333333,292.3333333333333
40,479.6666666666667,293.6666666666667
41,480.6666666666667,289.3333333333333
42,479.3333333333333,286.3333333333333
43,478.3333333333333,287.0
44,477.3333333333333,292.0
45,478.3333333333333,295.6666666666667
46,473.6666666666667,290.0
47,472.6666666666667,288.6666666666667
48,472.3333333333333,287.6666666666667
49,476.3333333333333,293.3333333333333
50,476.6666666666667,294.3333333333333
51,476.6666666666667,294.6666666666667
52,476.0,293.6666666666667
53,477.3333333333333,293.0
54,478.3333333333333,293.3333333333333
55,479.6666666666667,294.3333333333333
56,479.0,294.6666666666667
57,479.0,292.3333333333333
58,481.6666666666667,291.0
59,483.6666666666667,292.6666666666667
60,483.0,295.6666666666667
61,480.0,296.3333333333333
62,477.6666666666667,294.3333333333333
63,477.6666666666667,293.0
64,478.0,293.0
65,479.3333333333333,293.3333333333333
66,479.6666666666667,288.6666666666667
67,478.6666666666667,286.0
68,478.0,286.6666666666667
69,478.0,292.0
70,479.3333333333333,295.6666666666667
71,479.3333333333333,295.6666666666667
102,478.3333333333333,295.0
103,478.0,293.0
104,478.0,293.0
105,479.0,295.0
106,478.3333333333333,295.6666666666667
107,478.0,292.3333333333333
108,479.0,290.3333333333333
109,480.0,291.6666666666667
110,479.6666666666667,295.3333333333333
111,477.6666666666667,295.6666666666667
112,476.3333333333333,293.3333333333333
113,476.6666666666667,292.3333333333333
114,477.6666666666667,292.0
115,479.3333333333333,294.0
116,480.0,295.3333333333333
117,478.3333333333333,291.6666666666667
118,477.6666666666667,291.6666666666667
119,477.0,291.1666666666667
120,478.6666666666667,295.8333333333333
121,478.0,295.1666666666667
122,475.6666666666667,293.6666666666667
123,475.0,292.6666666666667
124,475.0,293.6666666666667
125,476.6666666666667,295.0
126,476.3333333333333,295.3333333333333
127,476.0,294.6666666666667
128,476.3333333333333,293.3333333333333
129,477.0,294.0
130,478.0,294.6666666666667
131,478.0,295.6666666666667
132,478.3333333333333,292.0
133,479.0,289.6666666666667
134,480.3333333333333,291.0
135,479.6666666666667,294.6666666666667
136,478.0,296.3333333333333
137,476.3333333333333,294.3333333333333
138,476.6666666666667,293.0
139,477.3333333333333,292.3333333333333
140,480.0,293.6666666666667
141,480.3333333333333,294.3333333333333
142,480.6666666666667,291.3333333333333
143,479.0,290.6666666666667
144,479.0,291.3333333333333
145,479.6666666666667,295.6666666666667
146,479.1666666666667,295.6666666666667
147,477.8333333333333,294.6666666666667
148,477.1666666666667,293.6666666666667
149,477.3333333333333,295.0
150,477.6666666666667,295.5
151,477.0,295.1666666666667
152,476.0,293.5
153,477.0,292.6666666666667
154,477.3333333333333,293.3333333333333
155,479.0,294.6666666666667
156,478.6666666666667,295.0
157,477.6666666666667,291.3333333333333
158,477.6666666666667,289.3333333333333
159,478.0,290.3333333333333
160,479.0,294.6666666666667
161,477.6666666666667,295.6666666666667
162,476.3333333333333,294.6666666666667
163,476.0,293.0
164,476.6666666666667,293.0
165,479.0,294.6666666666667
166,479.5,295.3333333333333
167,477.8333333333333,290.6666666666667
168,477.1666666666667,289.6666666666667
169,477.3333333333333,290.3333333333333
170,480.0,296.6666666666667
171,478.6666666666667,296.3333333333333
202,477.6666666666667,296.0
203,476.3333333333333,293.3333333333333
204,477.0,293.6666666666667
205,478.3333333333333,294.6666666666667
206,478.6666666666667,295.0
207,477.3333333333333,292.3333333333333
208,477.6666666666667,288.6666666666667
209,478.0,290.3333333333333
210,479.6666666666667,293.3333333333333
211,478.3333333333333,295.5
212,478.0,293.8333333333333
213,477.0,292.5
214,477.6666666666667,292.3333333333333
215,480.0,294.0
216,481.0,295.0
217,481.3333333333333,290.6666666666667
218,479.0,290.3333333333333
219,479.3333333333333,290.6666666666667
220,480.0,296.6666666666667
221,479.6666666666667,296.0
222,477.6666666666667,294.3333333333333
223,476.0,293.3333333333333
224,477.0,294.6666666666667
225,478.6666666666667,296.6666666666667
226,478.6666666666667,296.3333333333333
227,477.0,294.6666666666667
228,476.6666666666667,292.6666666666667
229,477.0,293.3333333333333
230,478.6666666666667,295.0
231,478.6666666666667,295.3333333333333
232,478.3333333333333,291.0
233,477.6666666666667,287.6666666666667
234,478.3333333333333,288.6666666666667
235,478.6666666666667,293.3333333333333
236,478.0,295.3333333333333
237,477.6666666666667,294.6666666666667
238,477.6666666666667,293.0
239,478.3333333333333,292.6666666666667
240,480.3333333333333,294.3333333333333
241,481.0,295.0
242,481.6666666666667,293.0
243,479.0,292.0
244,479.3333333333333,293.0
245,480.3333333333333,296.6666666666667
246,480.0,297.0
247,478.6666666666667,297.3333333333333
248,477.0,295.6666666666667
249,478.6666666666667,296.3333333333333
250,480.0,296.0
251,479.6666666666667,296.3333333333333
252,479.0,296.0
253,478.0,294.0
254,478.3333333333333,294.6666666666667
255,479.0,295.0
0,478.6666666666667,295.3333333333333
1,478.6666666666667,291.6666666666667
2,477.0,287.6666666666667
3,477.6666666666667,289.0
4,478.0,293.3333333333333
5,478.0,296.3333333333333
6,477.6666666666667,295.3333333333333
7,477.3333333333333,293.3333333333333
8,478.3333333333333,293.0
9,480.6666666666667,294.6666666666667
10,481.3333333333333,295.3333333333333
11,480.0,292.3333333333333
12,477.6666666666667,291.0
13,478.0,292.5
14,480.6666666666667,296.8333333333333
15,480.3333333333333,297.1666666666667
46,479.6666666666667,296.0
47,477.6666666666667,293.3333333333333
48,478.6666666666667,293.3333333333333
49,479.6666666666667,294.3333333333333
50,480.0,295.0
51,478.0,291.1666666666667
52,476.3333333333333,286.8333333333333
53,477.3333333333333,288.1666666666667
54,479.3333333333333,293.3333333333333
55,479.3333333333333,296.6666666666667
56,479.0,295.3333333333333
57,478.0,292.3333333333333
58,478.6666666666667,292.0
59,479.6666666666667,293.3333333333333
60,480.0,294.6666666666667
61,479.3333333333333,294.6666666666667
62,477.3333333333333,294.3333333333333
63,478.0,295.3333333333333
64,479.6666666666667,296.6666666666667
65,479.6666666666667,296.3333333333333
66,477.6666666666667,296.0
67,476.0,294.6666666666667
68,477.3333333333333,296.3333333333333
69,479.6666666666667,297.0
70,479.3333333333333,297.3333333333333
71,478.6666666666667,296.3333333333333
72,477.0,293.6666666666667
73,478.3333333333333,294.0
74,478.6666666666667,295.0
75,479.0,295.6666666666667
76,478.6666666666667,291.0
77,476.0,285.0
78,477.0,286.3333333333333
79,477.3333333333333,292.3333333333333
80,478.6666666666667,296.6666666666667
81,477.6666666666667,296.0
82,477.0,293.3333333333333
83,478.0,293.3333333333333
84,480.3333333333333,294.0
85,480.3333333333333,294.3333333333333
86,479.0,294.0
87,476.6666666666667,293.3333333333333
88,477.6666666666667,294.3333333333333
89,480.0,296.0
90,479.6666666666667,295.6666666666667
91,478.3333333333333,294.3333333333333
92,476.6666666666667,292.3333333333333
93,478.0,294.3333333333333
94,479.0,296.0
95,479.0,297.0
96,478.6666666666667,294.6666666666667
97,477.3333333333333,292.3333333333333
98,478.0,292.3333333333333
99,479.0,294.3333333333333
100,479.6666666666667,295.6666666666667
101,478.0,289.5
102,477.3333333333333,282.5
103,478.6666666666667,282.8333333333333
104,480.3333333333333,290.0
105,479.3333333333333,296.0
106,479.0,295.6666666666667
107,477.6666666666667,293.0
108,478.3333333333333,292.6666666666667
109,478.6666666666667,293.6666666666667
110,480.0,295.0
111,479.0,294.0
112,477.3333333333333,293.0
113,478.0,294.0
114,479.6666666666667,296.3333333333333
115,479.6666666666667,296.3333333333333
146,478.3333333333333,295.3333333333333
147,476.3333333333333,292.6666666666667
148,477.3333333333333,293.3333333333333
149,478.3333333333333,295.0
150,479.0,296.0
151,477.6666666666667,295.3333333333333
152,475.3333333333333,288.0
153,476.6666666666667,288.6666666666667
154,477.3333333333333,290.0
155,478.3333333333333,296.0
156,477.0,296.0
157,476.3333333333333,294.3333333333333
158,477.3333333333333,294.0
159,478.8333333333333,294.0
160,479.8333333333333,294.0
161,478.5,293.0
162,476.6666666666667,292.3333333333333
163,476.6666666666667,293.6666666666667
164,478.6666666666667,296.0
165,479.6666666666667,296.3333333333333
166,478.3333333333333,295.6666666666667
167,476.6666666666667,293.6666666666667
168,476.6666666666667,295.0
169,478.0,295.3333333333333
170,478.0,296.3333333333333
171,477.0,295.3333333333333
172,474.6666666666667,292.3333333333333
173,476.0,292.6666666666667
174,477.3333333333333,293.3333333333333
175,479.3333333333333,295.3333333333333
176,477.8333333333333,294.8333333333333
177,474.0,285.8333333333333
178,474.6666666666667,286.5
179,475.8333333333333,287.3333333333333
180,478.3333333333333,295.6666666666667
181,477.6666666666667,295.3333333333333
182,476.6666666666667,292.6666666666667
183,477.6666666666667,292.0
184,479.0,292.0
185,480.6666666666667,293.6666666666667
186,480.3333333333333,294.3333333333333
187,478.6666666666667,294.3333333333333
188,478.0,294.6666666666667
189,478.6666666666667,295.3333333333333
190,479.0,295.3333333333333
191,478.0,295.0
192,476.0,292.3333333333333
193,477.0,293.3333333333333
194,478.0,294.0
195,478.6666666666667,295.6666666666667
196,477.0,294.6666666666667
197,475.0,292.0
198,475.6666666666667,292.3333333333333
199,477.0,293.0
200,478.0,294.6666666666667
201,477.1666666666667,294.0
202,470.1666666666667,283.3333333333333
203,470.5,283.6666666666667
204,471.3333333333333,285.0
205,477.3333333333333,295.3333333333333
206,478.3333333333333,294.6666666666667
207,478.0,291.6666666666667
208,478.3333333333333,291.0
209,479.3333333333333,291.3333333333333
210,481.3333333333333,293.3333333333333
211,480.6666666666667,294.0
212,479.0,293.6666666666667
213,477.6666666666667,294.0
214,479.0,294.3333333333333
215,479.0,295.3333333333333
246,478.0,295.3333333333333
247,477.0,292.3333333333333
248,477.3333333333333,291.6666666666667
249,478.6666666666667,291.6666666666667
250,479.0,294.0
251,478.0,294.3333333333333
252,478.0,294.3333333333333
253,477.3333333333333,293.6666666666667
254,478.0,293.6666666666667
255,477.0,294.0
0,478.0,295.3333333333333
1,477.3333333333333,293.3333333333333
2,478.0,291.6666666666667
3,479.0,290.6666666666667
4,480.6666666666667,293.0
5,480.3333333333333,294.0
6,478.0,293.0
7,477.6666666666667,292.3333333333333
8,478.6666666666667,292.3333333333333
9,479.6666666666667,294.0
10,478.3333333333333,294.3333333333333
11,477.0,293.0
12,476.0,292.6666666666667
13,476.3333333333333,292.3333333333333
14,476.0,293.6666666666667
15,476.6666666666667,294.0
16,474.6666666666667,291.0
17,476.0,290.3333333333333
18,477.0,290.0
19,480.0,293.3333333333333
20,478.3333333333333,294.0
21,477.6666666666667,293.6666666666667
22,476.6666666666667,292.3333333333333
23,477.6666666666667,292.5
24,478.0,293.5
25,479.0,295.8333333333333
26,478.3333333333333,292.3333333333333
27,478.0,290.3333333333333
28,477.6666666666667,288.3333333333333
29,479.0,291.6666666666667
30,478.6666666666667,293.0
31,478.0,294.0
32,477.0,293.6666666666667
33,477.6666666666667,293.3333333333333
34,477.6666666666667,293.3333333333333
35,477.0,293.6666666666667
36,476.3333333333333,294.0
37,475.3333333333333,294.0
38,476.0,293.3333333333333
39,476.0,293.6666666666667
40,477.3333333333333,293.6666666666667
41,475.3333333333333,292.0
42,476.0,290.6666666666667
43,476.3333333333333,290.3333333333333
44,479.0,292.8333333333333
45,477.6666666666667,294.1666666666667
46,476.6666666666667,294.5
47,475.0,292.6666666666667
48,475.6666666666667,292.3333333333333
49,476.0,293.0
50,477.3333333333333,295.3333333333333
51,478.0,295.3333333333333
52,478.3333333333333,293.3333333333333
53,479.0,291.3333333333333
54,479.3333333333333,291.6666666666667
55,479.0,293.3333333333333
56,478.0,295.1666666666667
57,477.3333333333333,293.8333333333333
58,477.6666666666667,293.1666666666667
59,478.0,292.6666666666667
90,478.3333333333333,294.0
91,478.0,293.6666666666667
92,478.0,292.3333333333333
93,477.6666666666667,291.0
94,477.6666666666667,291.6666666666667
95,476.6666666666667,293.3333333333333
96,476.3333333333333,293.6666666666667
97,475.6666666666667,291.6666666666667
98,476.6666666666667,290.6666666666667
99,476.6666666666667,292.3333333333333
100,478.0,295.6666666666667
101,477.6666666666667,296.0
102,477.6666666666667,293.3333333333333
103,477.6666666666667,290.0
104,479.0,291.0
105,479.0,293.0
106,478.0,295.0
107,476.0,293.6666666666667
108,476.0,293.0
109,476.6666666666667,293.3333333333333
110,477.0,294.0
111,476.6666666666667,294.3333333333333
112,476.3333333333333,292.6666666666667
113,476.3333333333333,292.3333333333333
114,477.0,292.6666666666667
115,477.0,294.3333333333333
116,477.0,294.0
117,476.0,292.6666666666667
118,476.3333333333333,291.3333333333333
119,477.3333333333333,292.0
120,478.3333333333333,293.6666666666667
121,477.6666666666667,294.3333333333333
122,477.3333333333333,291.6666666666667
123,477.0,290.6666666666667
124,477.3333333333333,292.0
125,477.6666666666667,295.6666666666667
126,478.0,295.3333333333333
127,478.3333333333333,292.6666666666667
128,478.6666666666667,290.0
129,480.3333333333333,291.6666666666667
130,480.0,294.0
131,478.6666666666667,296.0
132,475.6666666666667,294.0
133,476.0,292.6666666666667
134,476.6666666666667,292.6666666666667
135,477.6666666666667,294.3333333333333
136,477.0,295.0
137,476.0,294.0
138,476.6666666666667,292.6666666666667
139,477.6666666666667,293.6666666666667
140,478.5,295.0
141,477.5,294.6666666666667
142,476.8333333333333,292.6666666666667
143,477.3333333333333,291.3333333333333
144,478.3333333333333,292.3333333333333
145,478.6666666666667,294.0
146,478.0,294.3333333333333
147,477.0,292.0
148,477.3333333333333,291.0
149,477.0,292.0
150,478.0,295.0
151,477.8333333333333,295.0
152,478.8333333333333,292.3333333333333
153,479.5,290.0
154,480.3333333333333,290.6666666666667
155,479.6666666666667,293.3333333333333
156,478.0,295.6666666666667
157,476.0,294.3333333333333
158,475.6666666666667,292.6666666666667
159,476.5,292.3333333333333
190,477.8333333333333,293.6666666666667
191,477.8333333333333,293.6666666666667
192,477.3333333333333,291.6666666666667
193,477.3333333333333,290.0
194,478.6666666666667,291.3333333333333
195,479.5,294.0
196,478.8333333333333,295.3333333333333
197,477.5,291.3333333333333
198,476.6666666666667,290.3333333333333
199,477.0,291.0
200,478.6666666666667,295.6666666666667
201,479.0,295.3333333333333
202,478.6666666666667,292.6666666666667
203,477.3333333333333,289.3333333333333
204,478.3333333333333,290.3333333333333
205,478.3333333333333,293.3333333333333
206,478.0,295.6666666666667
207,476.0,293.6666666666667
208,476.0,291.3333333333333
209,476.3333333333333,291.6666666666667
210,477.3333333333333,293.6666666666667
211,477.3333333333333,295.0
212,476.3333333333333,293.3333333333333
213,475.6666666666667,292.0
214,476.0,293.3333333333333
215,477.3333333333333,296.0
216,477.6666666666667,296.6666666666667
217,477.0,293.6666666666667
218,477.0,291.0
219,478.3333333333333,291.0
220,479.6666666666667,294.0
221,479.6666666666667,295.3333333333333
222,477.3333333333333,291.6666666666667
223,476.3333333333333,290.0
224,476.3333333333333,290.6666666666667
225,478.3333333333333,295.3333333333333
226,478.3333333333333,295.3333333333333
227,477.3333333333333,292.3333333333333
228,476.6666666666667,289.0
229,478.3333333333333,290.0
230,479.0,293.0
231,478.3333333333333,295.3333333333333
232,476.3333333333333,293.6666666666667
233,476.3333333333333,291.3333333333333
234,477.3333333333333,292.0
235,477.6666666666667,293.6666666666667
236,477.3333333333333,295.3333333333333
237,475.0,293.0
238,475.0,291.6666666666667
239,475.6666666666667,293.0
240,477.6666666666667,295.6666666666667
241,477.3333333333333,295.6666666666667
242,476.3333333333333,292.0
243,476.3333333333333,289.6666666666667
244,477.6666666666667,291.0
245,479.6666666666667,294.6666666666667
246,479.3333333333333,296.0
247,477.0,293.6666666666667
248,475.6666666666667,291.6666666666667
249,476.0,292.6666666666667
250,478.6666666666667,295.3333333333333
251,479.0,295.6666666666667
252,478.1666666666667,292.3333333333333
253,477.8333333333333,288.6666666666667
254,478.8333333333333,289.3333333333333
255,479.6666666666667,292.3333333333333
0,479.0,295.3333333333333
1,477.0,293.6666666666667
2,476.3333333333333,291.3333333333333
3,476.3333333333333,291.0
34,477.6666666666667,293.6666666666667
35,478.0,295.3333333333333
36,478.0,293.0
37,477.3333333333333,289.6666666666667
38,478.0,289.6666666666667
39,479.3333333333333,293.3333333333333
40,479.3333333333333,295.0
41,478.3333333333333,291.3333333333333
42,476.0,289.6666666666667
43,476.6666666666667,291.3333333333333
44,478.0,296.0
45,478.3333333333333,295.6666666666667
46,478.0,292.1666666666667
47,477.1666666666667,287.8333333333333
48,478.5,289.5
49,478.5,292.6666666666667
50,478.1666666666667,296.3333333333333
51,476.8333333333333,293.6666666666667
52,476.1666666666667,290.3333333333333
53,476.3333333333333,290.3333333333333
54,477.0,293.0
55,477.3333333333333,296.0
56,476.6666666666667,293.6666666666667
57,475.6666666666667,292.0
58,476.0,292.3333333333333
59,477.3333333333333,295.6666666666667
60,478.0,296.0
61,478.0,292.6666666666667
62,477.0,288.6666666666667
63,478.3333333333333,289.3333333333333
64,480.3333333333333,293.0
65,481.0,295.3333333333333
66,478.8333333333333,291.1666666666667
67,476.5,288.5
68,477.1666666666667,290.1666666666667
69,479.0,295.0
70,479.0,296.0
71,478.6666666666667,291.6666666666667
72,477.6666666666667,286.6666666666667
73,478.6666666666667,287.0
74,478.3333333333333,291.0
75,478.6666666666667,295.6666666666667
76,477.3333333333333,294.6666666666667
77,477.3333333333333,291.6666666666667
78,477.3333333333333,291.6666666666667
79,478.0,294.0
80,477.6666666666667,296.3333333333333
81,475.3333333333333,293.3333333333333
82,474.0,290.3333333333333
83,474.6666666666667,290.8333333333333
84,477.6666666666667,294.5
85,478.3333333333333,295.5
86,478.0,292.0
87,477.6666666666667,288.0
88,479.0,289.0
89,481.0,294.0
90,480.3333333333333,296.3333333333333
91,477.5,289.6666666666667
92,474.8333333333333,287.0
93,476.1666666666667,288.6666666666667
94,479.3333333333333,296.0
95,479.6666666666667,296.0
96,478.6666666666667,292.6666666666667
97,478.3333333333333,287.6666666666667
98,479.3333333333333,289.0
99,479.3333333333333,292.3333333333333
100,478.3333333333333,296.6666666666667
101,477.3333333333333,294.3333333333333
102,477.3333333333333,289.6666666666667
103,477.6666666666667,290.0
134,478.6666666666667,292.3333333333333
135,478.3333333333333,294.6666666666667
136,479.0,289.0
137,477.0,282.6666666666667
138,478.0,284.0
139,478.3333333333333,290.0
140,479.0,295.3333333333333
141,478.0,295.0
142,476.3333333333333,293.0
143,477.3333333333333,294.0
144,478.6666666666667,295.0
145,479.6666666666667,295.6666666666667
146,480.0,291.0
147,480.0,285.3333333333333
148,480.0,286.3333333333333
149,479.6666666666667,291.0
150,478.6666666666667,295.6666666666667
151,477.3333333333333,293.0
152,475.3333333333333,288.6666666666667
153,475.6666666666667,289.0
154,476.6666666666667,292.3333333333333
155,477.6666666666667,296.0
156,477.0,296.0
157,473.6666666666667,291.6666666666667
158,474.0,292.3333333333333
159,474.6666666666667,293.0
160,477.6666666666667,295.3333333333333
161,476.3333333333333,290.3333333333333
162,474.3333333333333,284.6666666666667
163,475.0,285.6666666666667
164,478.0,290.6666666666667
165,478.6666666666667,294.6666666666667
166,477.6666666666667,294.3333333333333
167,476.3333333333333,292.6666666666667
168,477.6666666666667,294.3333333333333
169,479.0,295.0
170,479.0,295.0
171,479.0,291.3333333333333
172,479.6666666666667,285.0
173,480.3333333333333,286.0
174,480.6666666666667,290.0
175,479.3333333333333,295.6666666666667
176,476.6666666666667,293.0
177,475.0,287.6666666666667
178,474.6666666666667,287.6666666666667
179,477.0,291.0
180,477.6666666666667,295.3333333333333
181,477.3333333333333,295.6666666666667
182,476.3333333333333,291.0
183,476.3333333333333,291.3333333333333
184,477.6666666666667,292.0
185,478.3333333333333,296.0
186,478.0,295.3333333333333
187,475.6666666666667,289.6666666666667
188,476.0,289.3333333333333
189,478.3333333333333,290.0
190,479.6666666666667,294.0
191,478.6666666666667,294.0
192,477.0,292.6666666666667
193,477.3333333333333,294.3333333333333
194,479.3333333333333,295.0
195,480.0,295.0
196,480.6666666666667,290.6666666666667
197,478.6666666666667,286.6666666666667
198,478.0,287.3333333333333
199,477.6666666666667,292.0
200,478.3333333333333,295.6666666666667
201,478.0,295.0
202,475.3333333333333,290.0
203,474.6666666666667,289.6666666666667
234,476.0,291.0
235,478.0,294.6666666666667
236,478.1666666666667,294.8333333333333
237,475.1666666666667,286.1666666666667
238,475.5,285.8333333333333
239,478.0,285.6666666666667
240,480.0,293.0
241,479.3333333333333,293.3333333333333
242,477.6666666666667,293.1666666666667
243,477.6666666666667,293.8333333333333
244,479.0,294.5
245,479.3333333333333,294.6666666666667
246,479.0,294.0
247,479.0,289.6666666666667
248,478.0,288.6666666666667
249,479.0,290.3333333333333
250,478.3333333333333,294.3333333333333
251,478.3333333333333,295.3333333333333
252,475.0,289.6666666666667
253,474.0,289.0
254,474.6666666666667,289.3333333333333
255,477.0,294.3333333333333
0,477.3333333333333,294.6666666666667
1,474.5,290.3333333333333
2,473.8333333333333,290.0
3,475.1666666666667,290.0
4,478.0,294.3333333333333
5,478.6666666666667,294.3333333333333
6,473.6666666666667,287.3333333333333
7,473.0,286.0
8,474.6666666666667,285.6666666666667
9,479.3333333333333,292.6666666666667
10,478.6666666666667,293.6666666666667
11,477.6666666666667,293.6666666666667
12,477.0,294.0
13,478.3333333333333,294.0
14,478.3333333333333,294.0
15,478.3333333333333,293.0
16,477.3333333333333,287.8333333333333
17,476.6666666666667,287.1666666666667
18,477.0,288.5
19,478.0,294.0
20,477.6666666666667,295.1666666666667
21,472.0,289.5
22,470.0,288.8333333333333
23,470.3333333333333,289.0
24,475.3333333333333,294.3333333333333
25,476.3333333333333,295.0
26,476.6666666666667,294.6666666666667
27,477.0,294.3333333333333
28,478.3333333333333,293.6666666666667
29,479.5,293.3333333333333
30,479.1666666666667,293.3333333333333
31,473.8333333333333,285.0
32,472.0,284.0
33,475.3333333333333,283.6666666666667
34,481.0,293.0
35,481.0,294.6666666666667
36,478.3333333333333,295.0
37,477.3333333333333,293.6666666666667
38,478.3333333333333,293.3333333333333
39,478.3333333333333,293.3333333333333
40,478.3333333333333,294.0
41,478.6666666666667,289.0
42,477.6666666666667,287.0
43,478.0,287.6666666666667
44,477.0,293.0
45,478.0,296.0
46,475.0,290.3333333333333
47,474.6666666666667,289.0
78,475.0,287.6666666666667
79,478.0,293.3333333333333
80,478.3333333333333,295.0
81,477.3333333333333,295.3333333333333
82,476.6666666666667,293.0
83,479.3333333333333,292.0
84,481.0,293.3333333333333
85,480.6666666666667,295.3333333333333
86,477.6666666666667,295.6666666666667
87,476.3333333333333,294.0
88,477.0,293.3333333333333
89,478.0,293.0
90,478.6666666666667,293.3333333333333
91,479.3333333333333,294.0
92,477.6666666666667,291.0
93,478.0,291.3333333333333
94,477.0,291.6666666666667
95,478.0,296.3333333333333
96,477.3333333333333,296.0
97,476.3333333333333,294.3333333333333
98,476.0,293.0
99,475.6666666666667,293.3333333333333
100,476.3333333333333,294.3333333333333
101,476.1666666666667,294.3333333333333
102,474.8333333333333,293.6666666666667
103,475.8333333333333,293.3333333333333
104,477.0,294.3333333333333
105,478.3333333333333,295.3333333333333
106,477.6666666666667,296.0
107,476.8333333333333,293.3333333333333
108,478.5,291.0
109,478.8333333333333,291.0
110,479.0,292.6666666666667
111,476.8333333333333,294.3333333333333
112,476.5,292.3333333333333
113,476.8333333333333,292.3333333333333
114,478.0,292.3333333333333
115,479.3333333333333,294.6666666666667
116,479.3333333333333,295.0
117,477.3333333333333,291.6666666666667
118,476.3333333333333,291.6666666666667
119,476.3333333333333,292.0
120,479.0,296.6666666666667
121,478.6666666666667,296.0
122,477.6666666666667,294.0
123,476.3333333333333,292.6666666666667
124,476.3333333333333,293.3333333333333
125,476.3333333333333,295.0
126,475.6666666666667,295.3333333333333
127,474.3333333333333,294.3333333333333
128,476.3333333333333,293.0
129,477.3333333333333,293.6666666666667
130,478.6666666666667,295.3333333333333
131,478.0,296.3333333333333
132,478.0,293.3333333333333
133,480.0,291.3333333333333
134,481.0,291.3333333333333
135,480.6666666666667,293.6666666666667
136,478.0,294.0
137,476.0,294.0
138,476.6666666666667,293.3333333333333
139,478.0,293.3333333333333
140,480.0,294.0
141,480.0,295.3333333333333
142,479.6666666666667,292.0
143,478.6666666666667,292.0
144,478.6666666666667,291.6666666666667
145,480.0,296.6666666666667
146,479.6666666666667,296.6666666666667
147,478.0,294.6666666666667
178,476.6666666666667,292.3333333333333
179,477.0,292.0
180,479.0,295.3333333333333
181,478.0,296.6666666666667
182,476.6666666666667,294.0
183,476.6666666666667,290.6666666666667
184,478.0,290.6666666666667
185,478.6666666666667,294.0
186,477.3333333333333,295.0
187,476.3333333333333,294.3333333333333
188,476.6666666666667,293.0
189,477.3333333333333,293.3333333333333
190,480.0,294.6666666666667
191,480.3333333333333,295.0
192,481.3333333333333,291.6666666666667
193,480.0,291.0
194,480.0,292.3333333333333
195,480.0,297.3333333333333
196,479.0,297.6666666666667
197,478.6666666666667,296.3333333333333
198,478.0,293.6666666666667
199,478.6666666666667,294.0
200,478.3333333333333,294.3333333333333
201,477.3333333333333,295.3333333333333
202,477.0,294.0
203,477.3333333333333,292.6666666666667
204,478.3333333333333,293.3333333333333
205,478.6666666666667,295.3333333333333
206,478.6666666666667,296.3333333333333
207,477.3333333333333,293.0
208,477.3333333333333,290.0
209,477.3333333333333,290.3333333333333
210,478.0,294.0
211,477.0,295.6666666666667
212,475.6666666666667,294.6666666666667
213,476.0,293.0
214,477.0,292.0
215,480.6666666666667,293.3333333333333
216,481.6666666666667,294.0
217,481.3333333333333,290.6666666666667
218,479.0,290.3333333333333
219,478.3333333333333,291.3333333333333
220,479.6666666666667,296.6666666666667
221,479.3333333333333,296.6666666666667
222,478.0,294.6666666666667
223,477.0,293.0
224,478.0,293.6666666666667
225,479.0,295.3333333333333
226,478.0,295.6666666666667
227,476.3333333333333,293.6666666666667
228,476.3333333333333,292.3333333333333
229,477.0,292.6666666666667
230,478.3333333333333,294.3333333333333
231,478.0,295.0
232,477.6666666666667,290.0
233,477.3333333333333,288.0
234,477.6666666666667,288.6666666666667
235,478.0,294.1666666666667
236,477.6666666666667,295.6666666666667
237,477.0,294.3333333333333
238,476.3333333333333,292.5
239,476.6666666666667,292.0
240,479.0,293.6666666666667
241,480.0,295.0
242,479.3333333333333,291.0
243,477.6666666666667,290.0
244,477.6666666666667,290.6666666666667
245,480.0,296.3333333333333
246,479.6666666666667,296.6666666666667
247,478.0,295.0
22,476.0,292.6666666666667
23,476.3333333333333,292.0
24,479.0,294.0
25,479.0,294.6666666666667
26,477.6666666666667,292.3333333333333
27,476.6666666666667,288.3333333333333
28,478.3333333333333,289.3333333333333
29,480.0,293.3333333333333
30,479.0,296.3333333333333
31,477.6666666666667,295.6666666666667
32,476.6666666666667,293.3333333333333
33,477.6666666666667,292.6666666666667
34,479.3333333333333,294.0
35,480.3333333333333,295.6666666666667
36,478.6666666666667,294.0
37,477.0,292.6666666666667
38,477.3333333333333,293.3333333333333
39,480.0,296.6666666666667
40,479.0,297.3333333333333
41,478.6666666666667,296.3333333333333
42,477.3333333333333,295.0
43,479.0,295.6666666666667
44,479.6666666666667,297.0
45,479.3333333333333,297.3333333333333
46,479.1666666666667,296.1666666666667
47,478.1666666666667,293.8333333333333
48,478.5,294.1666666666667
49,479.6666666666667,295.3333333333333
50,479.3333333333333,296.0
51,478.3333333333333,292.3333333333333
52,476.6666666666667,288.0
53,478.0,289.0
54,479.3333333333333,293.3333333333333
55,479.0,296.6666666666667
56,478.0,295.3333333333333
57,477.3333333333333,292.3333333333333
58,478.0,292.0
59,480.3333333333333,293.6666666666667
60,481.0,296.0
61,481.3333333333333,295.0
62,479.0,293.6666666666667
63,479.6666666666667,294.6666666666667
64,480.6666666666667,297.0
65,480.3333333333333,297.0
66,479.8333333333333,295.6666666666667
67,477.5,293.6666666666667
68,479.1666666666667,295.3333333333333
69,479.3333333333333,296.6666666666667
70,479.6666666666667,297.3333333333333
71,479.6666666666667,296.3333333333333
72,479.0,293.6666666666667
73,479.3333333333333,294.0
74,479.3333333333333,294.3333333333333
75,479.0,295.0
76,477.6666666666667,290.0
77,475.6666666666667,285.3333333333333
78,476.6666666666667,286.3333333333333
79,478.3333333333333,292.3333333333333
80,478.3333333333333,296.0
81,478.0,294.6666666666667
82,477.3333333333333,292.0
83,478.3333333333333,292.0
84,480.0,293.6666666666667
85,481.0,295.0
86,480.6666666666667,293.0
87,478.6666666666667,292.3333333333333
88,479.0,293.3333333333333
89,480.3333333333333,296.6666666666667
90,479.6666666666667,296.6666666666667
91,478.3333333333333,295.3333333333333
122,476.3333333333333,292.3333333333333
123,477.6666666666667,292.0
124,479.6666666666667,293.6666666666667
125,480.0,295.0
126,481.6666666666667,290.6666666666667
127,477.6666666666667,285.0
128,479.0,286.3333333333333
129,477.0,292.0
130,479.0,296.6666666666667
131,478.3333333333333,295.3333333333333
132,477.6666666666667,292.0
133,478.6666666666667,291.6666666666667
134,480.3333333333333,292.3333333333333
135,481.0,294.0
136,479.3333333333333,294.0
137,477.3333333333333,293.6666666666667
138,478.0,295.0
139,480.3333333333333,296.0
140,480.3333333333333,296.3333333333333
141,478.6666666666667,293.6666666666667
142,477.0,292.3333333333333
143,478.0,293.3333333333333
144,479.3333333333333,296.0
145,479.0,296.1666666666667
146,477.0,294.8333333333333
147,476.0,292.1666666666667
148,477.3333333333333,292.6666666666667
149,480.0,294.3333333333333
150,479.6666666666667,295.6666666666667
151,478.0,288.6666666666667
152,474.3333333333333,280.6666666666667
153,475.6666666666667,282.0
154,477.3333333333333,290.3333333333333
155,479.0,296.6666666666667
156,478.6666666666667,295.3333333333333
157,477.3333333333333,292.0
158,477.6666666666667,292.3333333333333
159,478.6666666666667,293.6666666666667
160,479.6666666666667,295.0
161,478.3333333333333,294.3333333333333
162,477.3333333333333,293.3333333333333
163,477.6666666666667,294.6666666666667
164,479.6666666666667,296.3333333333333
165,478.6666666666667,296.3333333333333
166,477.6666666666667,295.6666666666667
167,476.6666666666667,294.0
168,478.0,295.3333333333333
169,478.6666666666667,296.3333333333333
170,478.3333333333333,296.6666666666667
171,477.3333333333333,295.6666666666667
172,476.3333333333333,293.3333333333333
173,477.3333333333333,293.6666666666667
174,479.0,295.0
175,479.3333333333333,295.6666666666667
176,478.6666666666667,291.0
177,473.3333333333333,282.0
178,474.3333333333333,283.0
179,474.3333333333333,289.0
180,478.0,296.6666666666667
181,478.0,295.6666666666667
182,477.6666666666667,292.6666666666667
183,478.0,292.3333333333333
184,478.3333333333333,293.6666666666667
185,479.3333333333333,294.6666666666667
186,478.1666666666667,295.6666666666667
187,476.8333333333333,294.6666666666667
188,477.1666666666667,295.6666666666667
189,479.3333333333333,295.6666666666667
190,478.6666666666667,296.0
191,477.0,295.6666666666667
222,475.3333333333333,292.6666666666667
223,476.6666666666667,293.0
224,478.6666666666667,293.6666666666667
225,479.0,295.0
226,478.3333333333333,294.0
227,473.6666666666667,284.0
228,474.3333333333333,284.6666666666667
229,474.6666666666667,286.0
230,478.3333333333333,296.0
231,478.6666666666667,295.0
232,477.6666666666667,292.0
233,478.0,290.6666666666667
234,478.3333333333333,292.0
235,479.6666666666667,293.6666666666667
236,479.0,294.0
237,476.6666666666667,293.3333333333333
238,477.0,293.6666666666667
239,478.3333333333333,294.6666666666667
240,479.0,295.6666666666667
241,477.6666666666667,295.6666666666667
242,476.3333333333333,294.0
243,477.3333333333333,294.0
244,478.0,295.0
245,477.6666666666667,296.0
246,477.0,295.3333333333333
247,476.0,293.0
248,477.0,293.0
249,478.3333333333333,293.3333333333333
250,479.0,294.3333333333333
251,478.0,293.6666666666667
252,474.0,285.0
253,474.3333333333333,285.0
254,475.3333333333333,286.3333333333333
255,478.0,295.0
0,478.3333333333333,296.0
1,477.3333333333333,293.3333333333333
2,477.3333333333333,292.6666666666667
3,478.3333333333333,292.0
4,479.6666666666667,293.3333333333333
5,479.6666666666667,294.0
6,478.0,293.0
7,477.3333333333333,293.3333333333333
8,478.3333333333333,293.6666666666667
9,478.3333333333333,294.6666666666667
10,477.3333333333333,295.0
11,475.3333333333333,292.6666666666667
12,475.0,293.3333333333333
13,476.3333333333333,293.3333333333333
14,477.0,295.0
15,477.0,294.0
16,475.0,291.3333333333333
17,475.6666666666667,291.0
18,476.3333333333333,291.6666666666667
19,478.0,294.0
20,477.3333333333333,294.6666666666667
21,478.3333333333333,285.6666666666667
22,478.6666666666667,284.6666666666667
23,480.3333333333333,284.6666666666667
24,479.0,293.6666666666667
25,479.3333333333333,295.6666666666667
26,477.6666666666667,293.0
27,478.3333333333333,291.6666666666667
28,478.3333333333333,290.0
29,479.6666666666667,293.0
30,479.3333333333333,294.6666666666667
31,477.0,294.6666666666667
32,476.3333333333333,294.0
33,477.0,293.3333333333333
34,478.3333333333333,293.6666666666667
35,477.3333333333333,293.6666666666667
66,475.3333333333333,290.0
67,476.0,289.6666666666667
68,478.3333333333333,289.3333333333333
69,480.0,292.3333333333333
70,479.3333333333333,293.3333333333333
71,478.6666666666667,294.0
72,478.6666666666667,292.6666666666667
73,479.3333333333333,292.0
74,479.0,293.0
75,479.3333333333333,296.0
76,479.3333333333333,296.6666666666667
77,478.6666666666667,294.3333333333333
78,478.0,292.0
79,478.0,291.6666666666667
80,478.0,293.3333333333333
81,478.0,295.6666666666667
82,477.3333333333333,295.0
83,478.3333333333333,294.0
84,478.3333333333333,293.0
85,478.0,293.6666666666667
86,477.0,294.0
87,475.0,294.0
88,475.6666666666667,293.3333333333333
89,476.0,294.0
90,478.0,294.0
91,478.3333333333333,293.8333333333333
92,478.0,292.1666666666667
93,479.0,291.5
94,479.3333333333333,293.3333333333333
95,480.3333333333333,295.6666666666667
96,480.6666666666667,296.6666666666667
97,481.3333333333333,293.6666666666667
98,482.0,292.3333333333333
99,481.0,292.6666666666667
100,480.0,295.6666666666667
101,479.0,296.1666666666667
102,478.6666666666667,293.8333333333333
103,478.3333333333333,291.5
104,478.3333333333333,291.0
105,478.0,293.3333333333333
106,477.3333333333333,295.0
107,477.0,294.3333333333333
108,477.6666666666667,292.6666666666667
109,478.3333333333333,292.3333333333333
110,478.0,293.3333333333333
111,477.3333333333333,294.6666666666667
112,476.3333333333333,294.6666666666667
113,476.0,294.3333333333333
114,476.0,294.6666666666667
115,477.0,295.3333333333333
116,477.0,295.3333333333333
117,477.6666666666667,294.0
118,478.6666666666667,292.6666666666667
119,480.3333333333333,293.6666666666667
120,480.3333333333333,295.6666666666667
121,479.6666666666667,296.6666666666667
122,479.0,293.0
123,479.0,292.3333333333333
124,478.6666666666667,293.0
125,479.3333333333333,297.0
126,478.6666666666667,296.3333333333333
127,479.0,293.6666666666667
128,478.3333333333333,291.0
129,479.6666666666667,291.0
130,479.3333333333333,293.0
131,478.6666666666667,294.6666666666667
132,477.6666666666667,294.0
133,477.6666666666667,293.3333333333333
134,478.0,293.3333333333333
135,477.3333333333333,294.0
166,477.3333333333333,294.0
167,477.0,293.0
168,478.3333333333333,292.3333333333333
169,478.6666666666667,293.3333333333333
170,480.3333333333333,295.6666666666667
171,479.6666666666667,296.3333333333333
172,481.0,292.3333333333333
173,480.0,290.6666666666667
174,479.6666666666667,291.6666666666667
175,478.6666666666667,296.3333333333333
176,478.6666666666667,296.6666666666667
177,478.3333333333333,293.6666666666667
178,478.0,290.6666666666667
179,478.6666666666667,290.6666666666667
180,479.3333333333333,293.5
181,478.6666666666667,295.5
182,477.6666666666667,294.1666666666667
183,477.3333333333333,292.3333333333333
184,478.0,292.3333333333333
185,478.0,294.0
186,478.0,295.0
187,476.6666666666667,294.3333333333333
188,476.6666666666667,293.0
189,476.6666666666667,294.3333333333333
190,477.6666666666667,295.6666666666667
191,477.6666666666667,296.3333333333333
192,477.8333333333333,293.6666666666667
193,478.1666666666667,291.6666666666667
194,479.1666666666667,292.3333333333333
195,479.6666666666667,295.3333333333333
196,479.8333333333333,296.0
197,478.8333333333333,292.0
198,479.1666666666667,290.0
199,478.6666666666667,291.6666666666667
200,479.6666666666667,296.0
201,478.6666666666667,295.6666666666667
202,478.6666666666667,292.3333333333333
203,477.6666666666667,290.0
204,478.6666666666667,291.6666666666667
205,478.6666666666667,294.3333333333333
206,478.0,296.0
207,476.6666666666667,294.6666666666667
208,476.6666666666667,293.3333333333333
209,477.3333333333333,293.6666666666667
210,477.6666666666667,295.0
211,477.3333333333333,295.6666666666667
212,476.0,294.3333333333333
213,475.6666666666667,293.0
214,476.0,294.0
215,478.3333333333333,296.0
216,478.3333333333333,296.0
217,478.3333333333333,293.3333333333333
218,477.3333333333333,291.0
219,478.3333333333333,292.0
220,479.3333333333333,294.6666666666667
221,479.0,296.0
222,477.3333333333333,292.6666666666667
223,477.0,291.0
224,477.6666666666667,292.0
225,479.3333333333333,296.0
226,479.0,296.6666666666667
227,478.0,293.6666666666667
228,478.0,290.3333333333333
229,478.6666666666667,290.3333333333333
230,479.1666666666667,293.0
231,478.5,295.1666666666667
232,476.8333333333333,294.8333333333333
233,477.0,292.8333333333333
234,477.6666666666667,293.0
235,478.0,294.0
10,477.0,294.6666666666667
11,476.3333333333333,292.3333333333333
12,476.6666666666667,290.0
13,478.6666666666667,291.0
14,479.6666666666667,294.3333333333333
15,479.3333333333333,296.0
16,476.6666666666667,291.6666666666667
17,475.6666666666667,289.6666666666667
18,476.0,290.6666666666667
19,478.6666666666667,295.3333333333333
20,479.0,296.0
21,478.6666666666667,292.6666666666667
22,477.3333333333333,289.0
23,478.0,289.6666666666667
24,478.0,292.6666666666667
25,478.0,295.3333333333333
26,475.6666666666667,294.0
27,475.3333333333333,292.3333333333333
28,476.0,293.0
29,477.3333333333333,294.3333333333333
30,477.3333333333333,295.3333333333333
31,476.0,294.0
32,476.0,292.3333333333333
33,476.6666666666667,293.0
34,478.6666666666667,294.6666666666667
35,479.0,295.0
36,478.3333333333333,292.3333333333333
37,477.0,289.3333333333333
38,477.3333333333333,291.0
39,479.0,294.5
40,479.0,296.1666666666667
41,480.0,292.5
42,478.3333333333333,289.0
43,479.1666666666667,290.6666666666667
44,478.1666666666667,294.6666666666667
45,478.8333333333333,296.3333333333333
46,477.6666666666667,293.3333333333333
47,477.3333333333333,289.3333333333333
48,478.0,290.0
49,478.3333333333333,292.6666666666667
50,477.6666666666667,295.6666666666667
51,475.6666666666667,295.0
52,476.0,293.0
53,476.6666666666667,293.0
54,477.6666666666667,294.0
55,476.6666666666667,295.0
56,475.6666666666667,293.6666666666667
57,475.3333333333333,292.0
58,476.3333333333333,293.0
59,478.3333333333333,295.0
60,478.3333333333333,295.3333333333333
61,477.3333333333333,291.6666666666667
62,475.6666666666667,289.3333333333333
63,477.0,291.0
64,478.6666666666667,295.3333333333333
65,479.0,296.3333333333333
66,477.3333333333333,292.6666666666667
67,475.6666666666667,290.0
68,476.6666666666667,291.6666666666667
69,478.3333333333333,295.3333333333333
70,479.0,296.0
71,478.3333333333333,292.6666666666667
72,477.6666666666667,288.3333333333333
73,479.0,289.6666666666667
74,479.0,292.3333333333333
75,479.0,296.0
76,477.0,294.0
77,476.6666666666667,291.6666666666667
78,476.6666666666667,291.6666666666667
79,477.3333333333333,293.3333333333333
110,477.6666666666667,294.3333333333333
111,477.6666666666667,290.3333333333333
112,476.6666666666667,287.3333333333333
113,477.6666666666667,288.6666666666667
114,478.3333333333333,293.6666666666667
115,479.0,295.6666666666667
116,476.6666666666667,290.0
117,476.0,287.6666666666667
118,477.3333333333333,289.0
119,479.3333333333333,295.3333333333333
120,479.0,296.3333333333333
121,478.3333333333333,293.3333333333333
122,477.0,289.0
123,477.6666666666667,289.6666666666667
124,477.6666666666667,292.6666666666667
125,478.3333333333333,296.0
126,477.3333333333333,294.5
127,476.3333333333333,291.8333333333333
128,476.3333333333333,292.1666666666667
129,476.6666666666667,294.0
130,477.0,296.0
131,476.5,295.3333333333333
132,475.5,291.6666666666667
133,476.1666666666667,292.3333333333333
134,477.6666666666667,293.6666666666667
135,478.6666666666667,296.0
136,479.3333333333333,291.3333333333333
137,476.6666666666667,286.6666666666667
138,477.3333333333333,287.6666666666667
139,478.3333333333333,292.6666666666667
140,480.3333333333333,296.3333333333333
141,479.3333333333333,291.0
142,477.0,287.1666666666667
143,477.3333333333333,288.5
144,478.6666666666667,294.5
145,479.3333333333333,297.0
146,477.6666666666667,293.3333333333333
147,476.6666666666667,288.0
148,477.3333333333333,288.3333333333333
149,478.0,291.3333333333333
150,478.0,295.6666666666667
151,476.6666666666667,293.6666666666667
152,476.0,290.0
153,476.3333333333333,290.3333333333333
154,476.6666666666667,293.0
155,477.3333333333333,296.0
156,477.0,295.6666666666667
157,476.0,292.8333333333333
158,476.0,293.5
159,477.3333333333333,294.1666666666667
160,478.3333333333333,295.3333333333333
161,479.5,291.0
162,477.1666666666667,285.6666666666667
163,477.8333333333333,287.0
164,478.6666666666667,292.0
165,479.6666666666667,296.0
166,479.0,295.3333333333333
167,477.0,291.3333333333333
168,478.0,292.6666666666667
169,479.3333333333333,293.6666666666667
170,479.3333333333333,295.6666666666667
171,478.3333333333333,292.0
172,477.3333333333333,286.6666666666667
173,478.0,287.6666666666667
174,478.6666666666667,291.6666666666667
175,479.0,296.0
176,478.6666666666667,293.3333333333333
177,477.6666666666667,289.0
178,477.0,289.3333333333333
179,477.0,292.3333333333333
210,477.6666666666667,295.3333333333333
211,479.0,290.3333333333333
212,478.6666666666667,282.3333333333333
213,479.0,282.6666666666667
214,480.0,288.6666666666667
215,480.3333333333333,295.3333333333333
216,479.6666666666667,295.3333333333333
217,476.3333333333333,292.0
218,476.6666666666667,293.3333333333333
219,478.0,293.6666666666667
220,479.6666666666667,295.3333333333333
221,480.0,291.6666666666667
222,479.3333333333333,286.3333333333333
223,479.0,287.0
224,478.6666666666667,291.0
225,478.3333333333333,296.3333333333333
226,478.3333333333333,296.0
227,477.0,291.0
228,476.6666666666667,290.6666666666667
229,477.0,292.0
230,477.6666666666667,295.6666666666667
231,477.3333333333333,295.6666666666667
232,474.6666666666667,290.6666666666667
233,474.6666666666667,291.6666666666667
234,476.3333333333333,292.0
235,479.0,295.6666666666667
236,478.6666666666667,294.6666666666667
237,475.6666666666667,287.3333333333333
238,475.6666666666667,287.6666666666667
239,478.6666666666667,289.0
240,481.0,295.6666666666667
241,480.0,295.3333333333333
242,477.3333333333333,292.6666666666667
243,477.6666666666667,293.3333333333333
244,479.3333333333333,294.0
245,479.6666666666667,295.0
246,478.3333333333333,293.6666666666667
247,477.3333333333333,287.0
248,478.0,287.3333333333333
249,479.0,289.0
250,478.6666666666667,295.3333333333333
251,477.6666666666667,295.3333333333333
252,476.3333333333333,290.3333333333333
253,476.3333333333333,289.6666666666667
254,476.6666666666667,291.0
255,477.3333333333333,295.6666666666667
0,477.0,296.3333333333333
1,474.0,291.8333333333333
2,473.6666666666667,291.8333333333333
3,475.0,292.1666666666667
4,478.6666666666667,295.6666666666667
5,478.6666666666667,295.0
6,476.6666666666667,287.3333333333333
7,476.3333333333333,286.6666666666667
8,479.6666666666667,288.0
9,481.0,295.1666666666667
10,480.0,296.1666666666667
11,478.0,293.5
12,478.0,293.6666666666667
13,479.6666666666667,293.3333333333333
14,479.6666666666667,295.0
15,479.0,294.3333333333333
16,479.3333333333333,290.0
17,478.6666666666667,289.0
18,479.6666666666667,290.6666666666667
19,478.3333333333333,295.3333333333333
20,478.0,296.0
21,475.0,290.3333333333333
22,474.0,289.0
23,474.3333333333333,289.6666666666667
54,477.3333333333333,294.6666666666667
55,478.0,295.6666666666667
56,473.0,289.0
57,472.0,287.3333333333333
58,473.0,286.6666666666667
59,477.3333333333333,292.6666666666667
60,477.3333333333333,293.6666666666667
61,476.3333333333333,294.0
62,476.6666666666667,294.0
63,478.0,294.0
64,478.6666666666667,293.6666666666667
65,479.6666666666667,294.0
66,480.3333333333333,287.6666666666667
67,480.3333333333333,287.0
68,480.0,287.3333333333333
69,478.6666666666667,294.3333333333333
70,477.6666666666667,295.8333333333333
71,475.1666666666667,290.5
72,473.8333333333333,289.1666666666667
73,475.1666666666667,288.6666666666667
74,477.6666666666667,294.0
75,478.3333333333333,294.6666666666667
76,477.3333333333333,294.6666666666667
77,475.6666666666667,294.0
78,477.0,293.6666666666667
79,477.6666666666667,294.0
80,478.0,294.3333333333333
81,477.6666666666667,295.0
82,476.6666666666667,293.0
83,478.6666666666667,292.0
84,478.0,291.3333333333333
85,477.6666666666667,293.3333333333333
86,476.3333333333333,294.0
87,476.3333333333333,294.3333333333333
88,477.6666666666667,293.6666666666667
89,478.3333333333333,293.3333333333333
90,480.0,294.0
91,482.6666666666667,288.6666666666667
92,483.0,287.3333333333333
93,482.0,287.3333333333333
94,479.0,293.6666666666667
95,478.0,295.6666666666667
96,475.6666666666667,289.0
97,474.3333333333333,287.3333333333333
98,475.0,287.0
99,476.6666666666667,293.3333333333333
100,477.3333333333333,294.3333333333333
101,476.6666666666667,294.3333333333333
102,476.3333333333333,293.6666666666667
103,477.6666666666667,293.3333333333333
104,478.3333333333333,294.0
105,478.6666666666667,295.0
106,478.0,294.6666666666667
107,476.6666666666667,292.6666666666667
108,477.6666666666667,291.3333333333333
109,478.0,292.0
110,478.3333333333333,293.6666666666667
111,477.0,294.0
112,476.0,294.0
113,477.0,293.0
114,478.3333333333333,293.3333333333333
115,480.6666666666667,293.6666666666667
116,482.0,289.3333333333333
117,481.0,287.0
118,479.6666666666667,287.0
119,477.6666666666667,292.6666666666667
120,478.0,295.3333333333333
121,477.3333333333333,295.0
122,476.3333333333333,293.0
123,476.3333333333333,292.3333333333333
154,476.3333333333333,293.0
155,478.0,295.3333333333333
156,477.6666666666667,295.3333333333333
157,478.6666666666667,292.6666666666667
158,479.0,290.6666666666667
159,479.6666666666667,290.6666666666667
160,478.6666666666667,292.6666666666667
161,477.3333333333333,293.6666666666667
162,476.6666666666667,293.3333333333333
163,477.0,293.0
164,478.0,292.6666666666667
165,480.0,294.6666666666667
166,480.6666666666667,295.0
167,479.6666666666667,293.0
168,478.3333333333333,292.3333333333333
169,477.6666666666667,293.0
170,479.6666666666667,296.3333333333333
171,479.0,296.0
172,478.6666666666667,294.3333333333333
173,477.0,293.0
174,477.6666666666667,293.3333333333333
175,477.6666666666667,294.6666666666667
176,477.6666666666667,295.0
177,476.6666666666667,294.0
178,477.0,292.6666666666667
179,477.6666666666667,293.3333333333333
180,478.6666666666667,295.3333333333333
181,479.0,296.6666666666667
182,478.0,293.6666666666667
183,478.6666666666667,290.6666666666667
184,478.3333333333333,290.3333333333333
185,478.6666666666667,293.0
186,477.0,294.3333333333333
187,476.6666666666667,294.6666666666667
188,477.0,293.6666666666667
189,477.6666666666667,293.3333333333333
190,479.6666666666667,294.0
191,480.0,295.3333333333333
192,479.3333333333333,292.0
193,478.0,291.6666666666667
194,477.6666666666667,291.6666666666667
195,479.0,296.3333333333333
196,478.0,296.1666666666667
197,476.6666666666667,294.5
198,476.0,293.5
199,476.6666666666667,294.0
200,477.6666666666667,295.6666666666667
201,477.0,295.6666666666667
202,476.6666666666667,294.0
203,477.0,292.5
204,477.6666666666667,293.1666666666667
205,478.3333333333333,294.8333333333333
206,478.3333333333333,295.0
207,477.3333333333333,292.3333333333333
208,477.6666666666667,289.6666666666667
209,478.0,290.6666666666667
210,478.6666666666667,293.3333333333333
211,477.6666666666667,295.0
212,476.3333333333333,294.6666666666667
213,476.6666666666667,293.6666666666667
214,477.0,293.3333333333333
215,479.6666666666667,294.3333333333333
216,480.0,295.0
217,479.3333333333333,291.6666666666667
218,477.6666666666667,291.3333333333333
219,478.0,291.6666666666667
220,479.6666666666667,296.6666666666667
221,479.6666666666667,296.6666666666667
222,477.6666666666667,295.3333333333333
223,476.3333333333333,293.3333333333333
254,476.3333333333333,293.0
255,478.0,294.6666666666667
0,477.6666666666667,294.6666666666667
1,477.6666666666667,291.0
2,477.6666666666667,288.0
3,479.0,289.0
4,478.6666666666667,293.3333333333333
5,477.6666666666667,295.3333333333333
6,476.3333333333333,294.6666666666667
7,476.3333333333333,292.8333333333333
8,477.0,292.1666666666667
9,479.3333333333333,293.5
10,479.3333333333333,294.3333333333333
11,479.0,291.3333333333333
12,477.3333333333333,290.6666666666667
13,478.0,291.6666666666667
14,479.3333333333333,296.6666666666667
15,478.6666666666667,296.6666666666667
16,478.0,295.3333333333333
17,476.6666666666667,294.0
18,477.6666666666667,294.6666666666667
19,477.6666666666667,295.6666666666667
20,477.3333333333333,295.6666666666667
21,476.3333333333333,295.0
22,477.0,293.0
23,477.5,293.3333333333333
24,478.1666666666667,294.6666666666667
25,477.5,295.5
26,476.6666666666667,292.1666666666667
27,477.3333333333333,288.5
28,478.0,289.6666666666667
29,479.0,293.3333333333333
30,477.6666666666667,295.3333333333333
31,477.3333333333333,293.3333333333333
32,477.3333333333333,291.6666666666667
33,478.0,291.6666666666667
34,479.3333333333333,293.3333333333333
35,479.6666666666667,293.6666666666667
36,480.0,291.0
37,478.6666666666667,290.6666666666667
38,479.0,292.0
39,480.0,296.0
40,479.6666666666667,296.6666666666667
41,479.3333333333333,295.3333333333333
42,477.6666666666667,293.3333333333333
43,478.6666666666667,294.6666666666667
44,478.3333333333333,296.3333333333333
45,477.6666666666667,297.0
46,476.3333333333333,294.6666666666667
47,475.6666666666667,292.3333333333333
48,477.0,292.6666666666667
49,478.0,294.3333333333333
50,478.0,295.6666666666667
51,477.3333333333333,293.0
52,477.3333333333333,289.3333333333333
53,478.3333333333333,289.6666666666667
54,478.3333333333333,293.0
55,477.0,295.3333333333333
56,476.0,294.3333333333333
57,476.0,292.6666666666667
58,477.0,292.3333333333333
59,479.6666666666667,294.0
60,480.3333333333333,294.6666666666667
61,480.6666666666667,292.6666666666667
62,478.6666666666667,291.6666666666667
63,479.0,292.6666666666667
64,480.3333333333333,296.3333333333333
65,480.0,296.6666666666667
66,479.3333333333333,295.6666666666667
67,477.0,294.0
98,477.6666666666667,294.3333333333333
99,478.6666666666667,295.6666666666667
100,479.0,295.6666666666667
101,477.6666666666667,292.3333333333333
102,475.6666666666667,288.0
103,476.6666666666667,289.0
104,477.6666666666667,292.6666666666667
105,477.8333333333333,295.3333333333333
106,476.5,294.6666666666667
107,476.1666666666667,292.6666666666667
108,477.3333333333333,293.0
109,480.0,294.0
110,480.6666666666667,295.0
111,480.0,293.5
112,477.6666666666667,292.5
113,478.0,293.1666666666667
114,479.6666666666667,296.0
115,479.3333333333333,296.3333333333333
116,478.3333333333333,295.6666666666667
117,477.0,293.5
118,479.3333333333333,294.5
119,480.3333333333333,295.5
120,479.6666666666667,296.3333333333333
121,477.3333333333333,294.3333333333333
122,476.3333333333333,292.0
123,477.3333333333333,292.3333333333333
124,478.3333333333333,294.3333333333333
125,478.3333333333333,296.0
126,476.0,291.0
127,473.3333333333333,286.6666666666667
128,474.0,286.3333333333333
129,476.0,292.3333333333333
130,477.0,295.0
131,476.6666666666667,295.3333333333333
132,476.3333333333333,293.0
133,478.0,293.3333333333333
134,480.6666666666667,293.6666666666667
135,481.6666666666667,295.0
136,482.0,293.0
137,479.0,292.3333333333333
138,479.0,293.0
139,479.3333333333333,296.0
140,479.3333333333333,295.6666666666667
141,477.6666666666667,293.6666666666667
142,476.6666666666667,291.6666666666667
143,478.3333333333333,293.6666666666667
144,479.3333333333333,296.0
145,478.6666666666667,297.0
146,477.0,295.6666666666667
147,476.6666666666667,292.6666666666667
148,477.3333333333333,293.0
149,478.6666666666667,294.0
150,478.3333333333333,295.6666666666667
151,477.3333333333333,290.6666666666667
152,474.6666666666667,284.6666666666667
153,476.3333333333333,285.0
154,477.6666666666667,291.0
155,478.6666666666667,295.6666666666667
156,478.0,295.6666666666667
157,477.3333333333333,293.0
158,478.0,293.0
159,480.3333333333333,293.3333333333333
160,481.3333333333333,294.6666666666667
161,480.3333333333333,292.3333333333333
162,477.3333333333333,291.3333333333333
163,478.0,292.0
164,480.6666666666667,295.6666666666667
165,480.6666666666667,296.3333333333333
166,478.6666666666667,295.0
167,477.0,292.0
198,477.6666666666667,292.0
199,479.3333333333333,294.0
200,479.3333333333333,295.3333333333333
201,478.3333333333333,295.0
202,475.6666666666667,285.6666666666667
203,476.0,286.3333333333333
204,476.6666666666667,287.6666666666667
205,478.0,295.3333333333333
206,478.1666666666667,295.3333333333333
207,477.8333333333333,293.0
208,478.5,293.3333333333333
209,479.6666666666667,293.6666666666667
210,480.0,294.3333333333333
211,478.6666666666667,294.6666666666667
212,476.3333333333333,293.6666666666667
213,477.0,294.6666666666667
214,479.0,295.3333333333333
215,479.3333333333333,295.6666666666667
216,478.3333333333333,295.3333333333333
217,476.3333333333333,293.3333333333333
218,477.0,294.6666666666667
219,477.6666666666667,295.3333333333333
220,477.6666666666667,296.3333333333333
221,477.0,295.0
222,475.3333333333333,291.6666666666667
223,477.0,292.0
224,478.0,293.3333333333333
225,479.0,295.0
226,477.6666666666667,294.6666666666667
227,475.6666666666667,286.0
228,476.6666666666667,286.6666666666667
229,477.6666666666667,288.0
230,478.0,295.3333333333333
231,478.3333333333333,296.3333333333333
232,477.6666666666667,293.0
233,479.0,293.0
234,479.3333333333333,292.3333333333333
235,479.6666666666667,294.6666666666667
236,478.5,294.3333333333333
237,476.8333333333333,293.6666666666667
238,477.5,294.0
239,479.1666666666667,295.3333333333333
240,478.8333333333333,295.3333333333333
241,477.1666666666667,294.6666666666667
242,476.0,293.3333333333333
243,476.6666666666667,294.6666666666667
244,477.6666666666667,295.6666666666667
245,477.3333333333333,296.0
246,476.6666666666667,295.0
247,476.0,291.8333333333333
248,477.0,292.1666666666667
249,478.6666666666667,293.5
250,479.3333333333333,295.3333333333333
251,478.0,295.0
252,475.0,282.0
253,475.3333333333333,282.6666666666667
254,476.6666666666667,283.3333333333333
255,478.6666666666667,295.3333333333333
0,478.6666666666667,295.6666666666667
1,477.6666666666667,293.0
2,477.3333333333333,292.3333333333333
3,478.3333333333333,292.0
4,479.0,294.0
5,478.6666666666667,294.3333333333333
6,477.3333333333333,293.6666666666667
7,478.0,294.0
8,479.3333333333333,295.0
9,478.6666666666667,295.3333333333333
10,477.0,295.0
11,475.6666666666667,293.0
42,476.6666666666667,293.0
43,478.3333333333333,293.3333333333333
44,479.0,294.3333333333333
45,478.0,294.0
46,473.6666666666667,285.0
47,473.3333333333333,284.3333333333333
48,473.6666666666667,284.8333333333333
49,477.3333333333333,293.8333333333333
50,477.6666666666667,295.5
51,477.0,293.3333333333333
52,476.6666666666667,292.3333333333333
53,477.3333333333333,290.6666666666667
54,479.3333333333333,292.6666666666667
55,479.3333333333333,293.6666666666667
56,478.3333333333333,294.3333333333333
57,477.6666666666667,294.3333333333333
58,479.0,294.0
59,479.0,293.3333333333333
60,478.0,293.3333333333333
61,477.0,292.6666666666667
62,476.6666666666667,293.3333333333333
63,477.6666666666667,293.3333333333333
64,477.0,294.0
65,477.0,293.3333333333333
66,473.3333333333333,289.6666666666667
67,473.6666666666667,289.6666666666667
68,475.0,290.3333333333333
69,478.3333333333333,293.3333333333333
70,478.0,293.6666666666667
71,473.6666666666667,284.6666666666667
72,473.6666666666667,284.6666666666667
73,474.0,284.0
74,477.3333333333333,293.3333333333333
75,478.0,295.0
76,477.6666666666667,293.3333333333333
77,477.6666666666667,292.0
78,477.6666666666667,290.0
79,479.0,292.0
80,479.0,293.3333333333333
81,477.3333333333333,293.3333333333333
82,476.3333333333333,293.0
83,477.3333333333333,292.6666666666667
84,478.0,293.3333333333333
85,477.3333333333333,293.6666666666667
86,476.6666666666667,293.6666666666667
87,476.0,294.3333333333333
88,477.0,293.6666666666667
89,476.3333333333333,293.6666666666667
90,476.3333333333333,293.0
91,474.0,289.6666666666667
92,474.6666666666667,288.6666666666667
93,476.0,288.6666666666667
94,478.6666666666667,292.3333333333333
95,478.0,293.3333333333333
96,477.0,293.3333333333333
97,476.6666666666667,292.6666666666667
98,477.3333333333333,292.6666666666667
99,478.0,293.6666666666667
100,478.0,295.3333333333333
101,477.3333333333333,293.3333333333333
102,477.0,291.0
103,477.6666666666667,289.3333333333333
104,478.6666666666667,291.6666666666667
105,478.6666666666667,293.3333333333333
106,478.0,294.6666666666667
107,477.3333333333333,293.6666666666667
108,478.3333333333333,293.6666666666667
109,478.0,293.0
110,477.6666666666667,293.3333333333333
111,477.0,293.0
142,477.0,292.6666666666667
143,478.0,292.0
144,478.6666666666667,292.3333333333333
145,479.0,293.3333333333333
146,478.6666666666667,294.0
147,477.6666666666667,291.3333333333333
148,477.6666666666667,290.6666666666667
149,477.3333333333333,291.6666666666667
150,478.0,295.3333333333333
151,478.0,295.3333333333333
152,478.0,293.0
153,478.0,290.6666666666667
154,478.6666666666667,291.0
155,478.6666666666667,293.0
156,478.0,294.3333333333333
157,476.6666666666667,294.0
158,476.6666666666667,293.0
159,477.0,292.6666666666667
160,477.3333333333333,293.0
161,477.3333333333333,293.3333333333333
162,475.6666666666667,293.3333333333333
163,475.6666666666667,292.6666666666667
164,475.0,293.6666666666667
165,476.6666666666667,294.3333333333333
166,477.0,294.0
167,477.6666666666667,292.0
168,478.3333333333333,290.6666666666667
169,479.0,292.0
170,479.0,293.3333333333333
171,478.0,294.0
172,476.3333333333333,291.0
173,476.3333333333333,290.6666666666667
174,476.0,291.0
175,477.6666666666667,295.0
176,478.0,295.3333333333333
177,478.0,293.6666666666667
178,477.3333333333333,290.6666666666667
179,478.0,291.0
180,478.3333333333333,293.3333333333333
181,477.3333333333333,295.3333333333333
182,476.3333333333333,294.0
183,476.6666666666667,292.3333333333333
184,478.0,291.6666666666667
185,477.6666666666667,293.0
186,476.6666666666667,294.0
187,475.6666666666667,293.3333333333333
188,475.6666666666667,292.6666666666667
189,476.3333333333333,293.3333333333333
190,477.0,294.6666666666667
191,477.3333333333333,295.3333333333333
192,477.6666666666667,293.0
193,477.6666666666667,292.0
194,478.3333333333333,292.0
195,478.3333333333333,294.6666666666667
196,477.6666666666667,295.1666666666667
197,477.6666666666667,291.1666666666667
198,477.3333333333333,290.5
199,477.6666666666667,291.6666666666667
200,478.0,296.3333333333333
201,478.0,296.0
202,478.3333333333333,293.0
203,477.6666666666667,290.0
204,478.6666666666667,290.3333333333333
205,478.3333333333333,293.0
206,477.6666666666667,295.3333333333333
207,476.6666666666667,294.0
208,476.6666666666667,292.0
209,477.6666666666667,291.0
210,477.6666666666667,292.3333333333333
211,477.6666666666667,293.3333333333333
242,476.6666666666667,293.0
243,477.0,291.3333333333333
244,478.0,291.6666666666667
245,480.0,294.6666666666667
246,480.0,296.0
247,479.3333333333333,292.6666666666667
248,478.3333333333333,290.6666666666667
249,478.3333333333333,291.3333333333333
250,478.6666666666667,296.0
251,478.3333333333333,296.0
252,477.6666666666667,293.3333333333333
253,477.0,290.0
254,477.3333333333333,290.6666666666667
255,477.6666666666667,293.3333333333333
0,477.3333333333333,295.6666666666667
1,476.3333333333333,294.0
2,476.6666666666667,292.0
3,477.6666666666667,291.6666666666667
4,477.6666666666667,293.0
5,477.0,294.5
6,475.0,293.5
7,475.0,292.8333333333333
8,475.6666666666667,293.6666666666667
9,477.3333333333333,295.6666666666667
10,477.6666666666667,295.6666666666667
11,477.0,292.6666666666667
12,476.6666666666667,290.3333333333333
13,477.3333333333333,291.3333333333333
14,478.6666666666667,294.6666666666667
15,478.3333333333333,295.3333333333333
16,478.1666666666667,292.0
17,476.8333333333333,290.3333333333333
18,477.1666666666667,291.3333333333333
19,477.3333333333333,295.0
20,477.6666666666667,295.0
21,477.3333333333333,292.6666666666667
22,476.6666666666667,289.0
23,477.3333333333333,290.0
24,477.6666666666667,293.0
25,477.3333333333333,296.0
26,476.0,294.0
27,475.6666666666667,291.6666666666667
28,476.6666666666667,291.6666666666667
29,477.3333333333333,293.6666666666667
30,477.3333333333333,295.0
31,475.3333333333333,293.6666666666667
32,475.3333333333333,292.3333333333333
33,475.6666666666667,293.3333333333333
34,478.0,295.0
35,478.0,295.0
36,477.6666666666667,292.3333333333333
37,477.0,290.3333333333333
38,477.6666666666667,291.6666666666667
39,479.3333333333333,294.6666666666667
40,479.0,295.6666666666667
41,478.3333333333333,293.0
42,477.3333333333333,291.0
43,477.6666666666667,292.6666666666667
44,478.6666666666667,295.6666666666667
45,478.6666666666667,296.3333333333333
46,478.3333333333333,292.6666666666667
47,477.3333333333333,289.0
48,478.0,289.0
49,478.3333333333333,292.0
50,478.6666666666667,294.6666666666667
51,477.0,293.6666666666667
52,476.3333333333333,291.3333333333333
53,476.3333333333333,291.3333333333333
54,477.0,293.0
55,477.0,294.5
86,476.6666666666667,292.5
87,476.6666666666667,289.8333333333333
88,478.0,290.0
89,479.0,292.6666666666667
90,478.6666666666667,294.3333333333333
91,476.5,290.3333333333333
92,475.5,288.6666666666667
93,476.1666666666667,290.0
94,478.6666666666667,295.0
95,479.3333333333333,295.3333333333333
96,478.0,291.6666666666667
97,477.3333333333333,287.6666666666667
98,477.6666666666667,289.0
99,479.0,292.3333333333333
100,478.3333333333333,295.6666666666667
101,477.0,293.6666666666667
102,476.3333333333333,291.0
103,477.0,291.0
104,477.6666666666667,293.0
105,477.6666666666667,295.3333333333333
106,475.0,293.6666666666667
107,473.6666666666667,292.0
108,474.6666666666667,293.0
109,477.3333333333333,295.1666666666667
110,478.0,295.8333333333333
111,476.6666666666667,291.1666666666667
112,475.6666666666667,287.6666666666667
113,477.0,288.3333333333333
114,478.3333333333333,292.6666666666667
115,478.6666666666667,295.0
116,474.3333333333333,292.3333333333333
117,473.3333333333333,290.6666666666667
118,474.0,291.6666666666667
119,478.3333333333333,294.6666666666667
120,478.6666666666667,295.0
121,478.3333333333333,291.3333333333333
122,477.6666666666667,287.3333333333333
123,478.3333333333333,288.3333333333333
124,478.3333333333333,292.3333333333333
125,478.3333333333333,295.6666666666667
126,477.3333333333333,293.6666666666667
127,476.3333333333333,290.0
128,476.3333333333333,290.0
129,477.0,292.3333333333333
130,477.3333333333333,295.3333333333333
131,475.3333333333333,292.0
132,473.6666666666667,289.3333333333333
133,474.3333333333333,290.3333333333333
134,476.3333333333333,295.0
135,477.3333333333333,296.3333333333333
136,476.6666666666667,292.0
137,475.6666666666667,288.0
138,477.3333333333333,288.6666666666667
139,478.3333333333333,292.3333333333333
140,478.6666666666667,295.0
141,474.0,291.6666666666667
142,473.0,289.6666666666667
143,473.6666666666667,291.0
144,478.3333333333333,294.6666666666667
145,478.6666666666667,295.0
146,478.0,291.3333333333333
147,477.0,287.0
148,478.3333333333333,289.0
149,479.3333333333333,292.3333333333333
150,479.0,296.0
151,476.3333333333333,294.0
152,475.3333333333333,290.3333333333333
153,475.3333333333333,290.6666666666667
154,477.0,292.3333333333333
155,477.3333333333333,295.0
186,477.3333333333333,290.3333333333333
187,476.5,286.0
188,477.1666666666667,286.0
189,478.1666666666667,291.6666666666667
190,478.6666666666667,294.6666666666667
191,477.3333333333333,295.0
192,476.3333333333333,292.6666666666667
193,477.0,294.3333333333333
194,479.3333333333333,294.3333333333333
195,479.6666666666667,294.6666666666667
196,479.6666666666667,291.3333333333333
197,478.3333333333333,287.0
198,479.0,288.0
199,478.6666666666667,291.0
200,478.3333333333333,294.6666666666667
201,477.0,292.8333333333333
202,476.0,289.1666666666667
203,476.0,289.6666666666667
204,477.0,292.1666666666667
205,477.6666666666667,295.1666666666667
206,477.6666666666667,295.0
207,475.3333333333333,290.0
208,475.3333333333333,290.6666666666667
209,476.6666666666667,292.0
210,478.0,295.8333333333333
211,477.8333333333333,290.8333333333333
212,475.5,284.5
213,476.5,284.6666666666667
214,478.3333333333333,290.3333333333333
215,479.3333333333333,295.0
216,478.3333333333333,294.6666666666667
217,476.0,292.3333333333333
218,476.6666666666667,293.3333333333333
219,478.3333333333333,294.3333333333333
220,479.6666666666667,294.6666666666667
221,479.0,290.6666666666667
222,479.0,284.3333333333333
223,479.0,285.0
224,479.6666666666667,289.6666666666667
225,478.3333333333333,295.3333333333333
226,478.0,294.6666666666667
227,476.6666666666667,290.6666666666667
228,476.6666666666667,290.6666666666667
229,476.6666666666667,293.0
230,477.0,295.6666666666667
231,476.6666666666667,295.6666666666667
232,473.3333333333333,290.6666666666667
233,473.6666666666667,291.3333333333333
234,474.8333333333333,292.0
235,477.8333333333333,294.6666666666667
236,479.8333333333333,290.0
237,477.6666666666667,284.0
238,478.0,284.6666666666667
239,478.0,289.6666666666667
240,479.6666666666667,294.6666666666667
241,479.3333333333333,294.6666666666667
242,477.0,292.6666666666667
243,477.3333333333333,293.3333333333333
244,478.6666666666667,294.3333333333333
245,479.3333333333333,295.0
246,480.3333333333333,292.0
247,480.0,286.3333333333333
248,480.0,286.6666666666667
249,478.6666666666667,290.6666666666667
250,478.3333333333333,295.5
251,478.0,295.8333333333333
252,476.6666666666667,290.8333333333333
253,476.0,290.6666666666667
254,476.3333333333333,291.3333333333333
255,477.0,295.0
30,476.3333333333333,294.6666666666667
31,473.6666666666667,288.0
32,474.3333333333333,287.6666666666667
33,476.6666666666667,289.0
34,479.0,294.3333333333333
35,478.3333333333333,294.6666666666667
36,477.0,292.8333333333333
37,477.3333333333333,293.8333333333333
38,478.6666666666667,294.1666666666667
39,479.0,295.0
40,478.3333333333333,293.6666666666667
41,478.0,288.6666666666667
42,477.3333333333333,288.3333333333333
43,478.3333333333333,290.3333333333333
44,477.6666666666667,295.3333333333333
45,477.3333333333333,296.0
46,475.0,290.6666666666667
47,474.6666666666667,290.0
48,475.3333333333333,290.6666666666667
49,476.6666666666667,295.0
50,477.0,295.6666666666667
51,473.6666666666667,290.3333333333333
52,473.3333333333333,290.6666666666667
53,474.6666666666667,290.6666666666667
54,478.0,295.3333333333333
55,478.0,294.6666666666667
56,473.1666666666667,286.0
57,473.1666666666667,285.0
58,475.5,285.0
59,479.0,293.0
60,478.0,293.6666666666667
61,477.0,294.0
62,476.6666666666667,294.3333333333333
63,478.3333333333333,294.3333333333333
64,478.3333333333333,294.0
65,478.3333333333333,293.6666666666667
66,480.1666666666667,290.3333333333333
67,479.5,289.3333333333333
68,480.1666666666667,290.6666666666667
69,477.3333333333333,294.0
70,477.6666666666667,295.3333333333333
71,475.3333333333333,290.6666666666667
72,474.3333333333333,290.6666666666667
73,475.0,291.0
74,477.0,295.3333333333333
75,477.6666666666667,295.6666666666667
76,477.0,294.6666666666667
77,476.6666666666667,294.0
78,478.0,293.6666666666667
79,477.6666666666667,294.6666666666667
80,477.5,294.6666666666667
81,469.8333333333333,288.1666666666667
82,470.1666666666667,286.5
83,472.0,286.5
84,478.6666666666667,293.0
85,477.6666666666667,294.0
86,476.3333333333333,294.0
87,476.6666666666667,294.0
88,478.0,294.3333333333333
89,478.6666666666667,294.3333333333333
90,479.3333333333333,294.3333333333333
91,481.3333333333333,290.6666666666667
92,480.3333333333333,289.3333333333333
93,480.0,290.3333333333333
94,477.6666666666667,294.0
95,478.3333333333333,296.3333333333333
96,476.0,290.6666666666667
97,475.0,289.6666666666667
98,475.0,289.0
99,476.6666666666667,294.3333333333333
130,477.0,295.0
131,476.6666666666667,294.3333333333333
132,475.0,292.0
133,476.6666666666667,291.0
134,476.6666666666667,291.5
135,477.6666666666667,292.8333333333333
136,475.6666666666667,293.8333333333333
137,475.3333333333333,293.0
138,476.6666666666667,293.0
139,478.0,292.6666666666667
140,479.6666666666667,294.0
141,482.6666666666667,288.5
142,482.0,286.1666666666667
143,481.3333333333333,285.8333333333333
144,477.6666666666667,292.3333333333333
145,477.6666666666667,295.3333333333333
146,477.0,295.3333333333333
147,476.0,293.6666666666667
148,476.6666666666667,293.6666666666667
149,477.3333333333333,294.6666666666667
150,478.0,296.3333333333333
151,477.0,296.3333333333333
152,475.6666666666667,294.3333333333333
153,476.3333333333333,293.3333333333333
154,477.3333333333333,293.3333333333333
155,477.6666666666667,294.3333333333333
156,477.3333333333333,294.3333333333333
157,475.6666666666667,292.0
158,477.3333333333333,290.6666666666667
159,477.6666666666667,291.0
160,478.0,293.0
161,476.3333333333333,293.6666666666667
162,475.3333333333333,293.0
163,476.6666666666667,292.6666666666667
164,477.3333333333333,292.6666666666667
165,479.3333333333333,294.3333333333333
166,482.0,288.6666666666667
167,482.3333333333333,286.0
168,481.6666666666667,285.6666666666667
169,478.6666666666667,292.3333333333333
170,478.6666666666667,296.3333333333333
171,478.0,295.3333333333333
172,477.0,293.6666666666667
173,477.0,292.6666666666667
174,477.6666666666667,294.0
175,478.0,295.3333333333333
176,477.0,295.3333333333333
177,475.6666666666667,293.6666666666667
178,476.6666666666667,292.3333333333333
179,477.6666666666667,293.0
180,478.6666666666667,294.0
181,478.0,294.3333333333333
182,477.0,291.0
183,477.6666666666667,289.6666666666667
184,478.0,291.0
185,478.0,293.6666666666667
186,477.0,294.3333333333333
187,476.0,293.0
188,476.6666666666667,292.6666666666667
189,477.3333333333333,293.0
190,479.3333333333333,294.3333333333333
191,480.0,295.0
192,479.3333333333333,291.0
193,478.6666666666667,290.6666666666667
194,477.6666666666667,290.6666666666667
195,478.3333333333333,295.3333333333333
196,477.6666666666667,294.6666666666667
197,475.6666666666667,292.6666666666667
198,475.3333333333333,291.6666666666667
199,475.6666666666667,292.6666666666667
230,478.3333333333333,295.3333333333333
231,477.6666666666667,295.6666666666667
232,477.3333333333333,293.0
233,477.0,290.6666666666667
234,477.6666666666667,291.3333333333333
235,478.0,294.3333333333333
236,477.3333333333333,295.6666666666667
237,477.0,294.0
238,477.0,292.3333333333333
239,477.6666666666667,292.3333333333333
240,479.3333333333333,294.6666666666667
241,479.6666666666667,295.6666666666667
242,479.0,291.6666666666667
243,478.0,291.0
244,477.6666666666667,291.3333333333333
245,479.6666666666667,296.6666666666667
246,478.6666666666667,296.3333333333333
247,477.3333333333333,294.3333333333333
248,476.3333333333333,293.0
249,477.3333333333333,293.6666666666667
250,478.6666666666667,295.3333333333333
251,477.6666666666667,295.3333333333333
252,476.6666666666667,293.0
253,477.3333333333333,292.0
254,478.0,293.0
255,479.3333333333333,295.3333333333333
0,478.3333333333333,296.0
1,477.3333333333333,293.0
2,477.0,290.5
3,477.6666666666667,291.1666666666667
4,478.3333333333333,294.1666666666667
5,477.3333333333333,295.6666666666667
6,476.0,295.0
7,476.3333333333333,293.3333333333333
8,477.0,293.3333333333333
9,479.6666666666667,294.3333333333333
10,480.0,295.3333333333333
11,480.3333333333333,291.3333333333333
12,478.6666666666667,290.6666666666667
13,478.0,290.6666666666667
14,478.6666666666667,295.3333333333333
15,478.3333333333333,295.0
16,478.0,294.3333333333333
17,477.0,293.6666666666667
18,477.3333333333333,294.6666666666667
19,477.6666666666667,295.6666666666667
20,477.0,295.6666666666667
21,476.6666666666667,293.6666666666667
22,476.6666666666667,292.3333333333333
23,477.3333333333333,292.6666666666667
24,478.0,294.6666666666667
25,478.3333333333333,294.6666666666667
26,477.6666666666667,290.6666666666667
27,477.3333333333333,288.3333333333333
28,477.6666666666667,289.3333333333333
29,478.0,294.0
30,477.3333333333333,295.6666666666667
31,477.0,295.0
32,477.0,293.3333333333333
33,477.6666666666667,292.6666666666667
34,479.6666666666667,294.0
35,480.0,295.0
36,481.0,291.6666666666667
37,479.0,291.3333333333333
38,479.6666666666667,292.0
39,479.6666666666667,296.8333333333333
40,479.3333333333333,296.1666666666667
41,477.3333333333333,295.1666666666667
42,476.6666666666667,293.0
43,477.6666666666667,294.6666666666667
74,480.0,295.6666666666667
75,478.3333333333333,296.0
76,478.0,290.6666666666667
77,477.0,287.6666666666667
78,479.0,288.6666666666667
79,478.6666666666667,293.6666666666667
80,478.0,295.6666666666667
81,478.3333333333333,295.0
82,478.0,292.6666666666667
83,478.6666666666667,292.3333333333333
84,480.3333333333333,293.6666666666667
85,481.0,295.0
86,481.6666666666667,293.0
87,479.0,292.0
88,479.0,292.6666666666667
89,479.6666666666667,296.3333333333333
90,479.3333333333333,296.3333333333333
91,478.6666666666667,295.0
92,477.6666666666667,293.0
93,478.6666666666667,294.6666666666667
94,479.3333333333333,296.0
95,478.3333333333333,296.6666666666667
96,478.0,294.6666666666667
97,477.3333333333333,292.6666666666667
98,478.3333333333333,292.6666666666667
99,479.0,294.6666666666667
100,478.6666666666667,295.3333333333333
101,477.0,293.0
102,475.0,289.0
103,476.3333333333333,290.0
104,477.6666666666667,293.6666666666667
105,478.0,295.6666666666667
106,477.3333333333333,294.6666666666667
107,476.6666666666667,292.0
108,477.6666666666667,292.0
109,480.3333333333333,293.6666666666667
110,481.0,295.0
111,480.3333333333333,293.0
112,477.6666666666667,291.6666666666667
113,478.3333333333333,292.6666666666667
114,480.3333333333333,296.3333333333333
115,480.0,297.0
116,479.0,295.3333333333333
117,476.6666666666667,293.3333333333333
118,478.0,294.3333333333333
119,479.3333333333333,296.0
120,479.3333333333333,296.6666666666667
121,478.3333333333333,294.6666666666667
122,477.3333333333333,292.3333333333333
123,478.3333333333333,292.6666666666667
124,479.0,294.3333333333333
125,478.6666666666667,295.3333333333333
126,479.3333333333333,292.3333333333333
127,478.6666666666667,287.6666666666667
128,479.6666666666667,288.6666666666667
129,479.3333333333333,292.6666666666667
130,478.6666666666667,296.0
131,478.3333333333333,295.3333333333333
132,477.3333333333333,292.6666666666667
133,478.3333333333333,292.6666666666667
134,480.0,294.0
135,480.3333333333333,295.3333333333333
136,480.0,294.0
137,477.6666666666667,293.0
138,478.3333333333333,294.3333333333333
139,479.6666666666667,297.0
140,479.0,297.0
141,478.5,296.3333333333333
142,476.5,294.3333333333333
143,478.8333333333333,295.6666666666667
174,479.6666666666667,296.3333333333333
175,480.0,297.0
176,476.6666666666667,291.0
177,474.0,284.3333333333333
178,475.3333333333333,285.3333333333333
179,477.6666666666667,290.6666666666667
180,479.0,296.3333333333333
181,478.3333333333333,294.5
182,477.6666666666667,292.1666666666667
183,478.3333333333333,291.8333333333333
184,480.0,293.3333333333333
185,480.6666666666667,294.3333333333333
186,479.3333333333333,295.0
187,477.3333333333333,294.1666666666667
188,478.0,295.1666666666667
189,480.0,295.8333333333333
190,480.0,296.3333333333333
191,478.0,296.0
192,476.6666666666667,294.3333333333333
193,477.3333333333333,295.3333333333333
194,479.0,296.0
195,478.6666666666667,296.3333333333333
196,477.6666666666667,294.0
197,476.6666666666667,292.0
198,478.0,292.0
199,479.3333333333333,294.3333333333333
200,479.0,295.0
201,476.3333333333333,290.6666666666667
202,474.0,283.3333333333333
203,475.6666666666667,284.0
204,478.3333333333333,289.6666666666667
205,479.6666666666667,296.0
206,479.0,295.0
207,478.0,291.6666666666667
208,478.3333333333333,291.0
209,480.3333333333333,292.0
210,480.6666666666667,294.0
211,479.6666666666667,292.6666666666667
212,477.0,292.0
213,478.0,293.0
214,479.6666666666667,295.6666666666667
215,479.6666666666667,296.0
216,477.6666666666667,294.3333333333333
217,477.3333333333333,292.0
218,478.6666666666667,293.0
219,480.6666666666667,295.0
220,479.6666666666667,296.3333333333333
221,478.3333333333333,295.3333333333333
222,477.3333333333333,292.6666666666667
223,478.3333333333333,293.0
224,480.0,294.3333333333333
225,480.0,295.3333333333333
226,476.3333333333333,290.6666666666667
227,473.1666666666667,282.6666666666667
228,473.8333333333333,283.3333333333333
229,477.1666666666667,289.3333333333333
230,478.3333333333333,295.6666666666667
231,477.6666666666667,296.0
232,476.6666666666667,293.3333333333333
233,477.6666666666667,293.6666666666667
234,479.6666666666667,293.6666666666667
235,480.3333333333333,294.3333333333333
236,478.6666666666667,294.0
237,476.3333333333333,292.6666666666667
238,477.3333333333333,294.0
239,479.6666666666667,295.3333333333333
240,479.6666666666667,295.8333333333333
241,478.0,295.1666666666667
242,476.6666666666667,292.8333333333333
243,477.6666666666667,294.3333333333333
18,479.6666666666667,295.3333333333333
19,479.8333333333333,296.0
20,478.5,294.6666666666667
21,473.5,283.6666666666667
22,474.0,284.3333333333333
23,474.6666666666667,285.6666666666667
24,478.0,295.6666666666667
25,478.0,295.0
26,477.0,291.6666666666667
27,477.6666666666667,291.3333333333333
28,478.6666666666667,292.3333333333333
29,480.0,294.6666666666667
30,479.3333333333333,294.6666666666667
31,478.0,294.0
32,478.3333333333333,294.0
33,479.3333333333333,294.6666666666667
34,479.0,295.0
35,477.6666666666667,294.6666666666667
36,477.0,293.0
37,477.6666666666667,293.6666666666667
38,478.3333333333333,294.6666666666667
39,477.5,295.3333333333333
40,476.5,294.3333333333333
41,475.5,290.3333333333333
42,476.3333333333333,290.6666666666667
43,477.6666666666667,292.0
44,478.0,295.0
45,477.3333333333333,295.0
46,472.6666666666667,284.6666666666667
47,473.0,284.3333333333333
48,473.6666666666667,285.6666666666667
49,477.3333333333333,295.3333333333333
50,478.0,296.6666666666667
51,477.0,293.6666666666667
52,477.6666666666667,293.0
53,478.6666666666667,292.0
54,480.0,293.0
55,479.3333333333333,293.6666666666667
56,477.3333333333333,293.3333333333333
57,477.3333333333333,294.3333333333333
58,478.6666666666667,294.3333333333333
59,479.3333333333333,294.6666666666667
60,478.3333333333333,294.3333333333333
61,477.6666666666667,293.0
62,478.0,293.3333333333333
63,479.0,293.6666666666667
64,478.0,294.6666666666667
65,477.0,294.0
66,475.0,290.0
67,475.6666666666667,290.0
68,477.0,290.3333333333333
69,478.3333333333333,294.0
70,478.0,294.3333333333333
71,474.0,287.3333333333333
72,474.3333333333333,286.6666666666667
73,475.0,287.0
74,478.3333333333333,294.3333333333333
75,478.3333333333333,295.6666666666667
76,477.6666666666667,293.0
77,478.3333333333333,292.0
78,479.6666666666667,291.0
79,480.0,292.6666666666667
80,479.0,293.6666666666667
81,477.0,294.0
82,477.3333333333333,294.0
83,478.6666666666667,293.6666666666667
84,478.6666666666667,293.6666666666667
85,478.0,294.0
86,476.0,293.6666666666667
87,476.6666666666667,294.0
118,477.6666666666667,293.6666666666667
119,478.6666666666667,293.6666666666667
120,478.3333333333333,294.0
121,478.0,294.0
122,477.6666666666667,293.0
123,478.3333333333333,292.3333333333333
124,478.0,293.0
125,478.6666666666667,295.3333333333333
126,477.6666666666667,293.0
127,477.6666666666667,291.6666666666667
128,478.3333333333333,289.6666666666667
129,480.0,292.0
130,479.6666666666667,293.0
131,478.6666666666667,294.6666666666667
132,477.3333333333333,294.0
133,478.0,294.0
134,478.0,293.3333333333333
135,477.6666666666667,294.0
136,477.0,294.0
137,475.6666666666667,294.0
138,476.6666666666667,294.0
139,476.6666666666667,295.0
140,477.6666666666667,295.3333333333333
141,477.0,294.6666666666667
142,477.1666666666667,293.0
143,478.1666666666667,292.0
144,478.8333333333333,292.6666666666667
145,479.0,293.3333333333333
146,478.3333333333333,294.0
147,478.0,292.3333333333333
148,477.6666666666667,292.3333333333333
149,477.6666666666667,293.0
150,478.3333333333333,295.6666666666667
151,479.0,295.6666666666667
152,479.0,293.6666666666667
153,479.0,291.3333333333333
154,480.0,292.0
155,479.6666666666667,293.6666666666667
156,478.3333333333333,295.3333333333333
157,477.0,293.6666666666667
158,477.5,292.5
159,478.5,291.8333333333333
160,478.1666666666667,293.1666666666667
161,477.6666666666667,294.3333333333333
162,475.6666666666667,294.6666666666667
163,475.6666666666667,294.0
164,476.0,294.3333333333333
165,477.3333333333333,294.6666666666667
166,477.6666666666667,295.0
167,477.3333333333333,293.3333333333333
168,477.6666666666667,292.3333333333333
169,478.3333333333333,292.3333333333333
170,478.3333333333333,293.6666666666667
171,478.3333333333333,294.3333333333333
172,477.3333333333333,292.3333333333333
173,477.6666666666667,291.6666666666667
174,477.3333333333333,292.3333333333333
175,478.0,295.3333333333333
176,478.3333333333333,295.1666666666667
177,478.3333333333333,293.8333333333333
178,478.6666666666667,291.5
179,479.3333333333333,292.5
180,479.6666666666667,293.8333333333333
181,478.6666666666667,295.1666666666667
182,477.3333333333333,294.0
183,477.3333333333333,292.6666666666667
184,478.0,292.6666666666667
185,478.0,293.3333333333333
186,477.6666666666667,294.0
187,476.6666666666667,293.6666666666667
218,477.3333333333333,292.6666666666667
219,478.0,293.0
220,479.0,294.0
221,478.6666666666667,295.0
222,478.0,292.3333333333333
223,477.6666666666667,291.6666666666667
224,477.6666666666667,292.1666666666667
225,479.0,295.5
226,479.0,295.5
227,479.3333333333333,293.3333333333333
228,479.3333333333333,291.0
229,480.6666666666667,291.5
230,480.3333333333333,293.8333333333333
231,478.6666666666667,295.8333333333333
232,477.3333333333333,294.0
233,477.3333333333333,292.0
234,478.0,291.6666666666667
235,477.6666666666667,293.3333333333333
236,477.3333333333333,294.6666666666667
237,476.0,293.6666666666667
238,476.0,293.0
239,476.6666666666667,293.6666666666667
240,478.0,295.0
241,478.0,295.0
242,477.3333333333333,293.0
243,477.3333333333333,291.3333333333333
244,478.6666666666667,291.6666666666667
245,479.3333333333333,294.0
246,479.3333333333333,294.6666666666667
247,478.6666666666667,293.3333333333333
248,478.3333333333333,292.3333333333333
249,478.0,293.6666666666667
250,478.6666666666667,296.3333333333333
251,478.6666666666667,296.6666666666667
252,478.6666666666667,294.0
253,477.6666666666667,290.6666666666667
254,479.0,290.6666666666667
255,479.6666666666667,293.3333333333333
0,479.3333333333333,296.0
1,477.6666666666667,294.3333333333333
2,477.6666666666667,292.3333333333333
3,478.3333333333333,292.3333333333333
4,478.3333333333333,294.3333333333333
5,477.3333333333333,295.3333333333333
6,475.6666666666667,293.3333333333333
7,475.6666666666667,292.3333333333333
8,476.3333333333333,293.0
9,478.0,295.3333333333333
10,478.0,295.0
11,478.6666666666667,293.3333333333333
12,478.6666666666667,291.6666666666667
13,480.3333333333333,293.0
14,480.3333333333333,295.6666666666667
15,480.3333333333333,296.6666666666667
16,479.0,292.3333333333333
17,478.6666666666667,290.3333333333333
18,479.0,291.0
19,479.6666666666667,295.6666666666667
20,479.3333333333333,296.0
21,478.3333333333333,293.3333333333333
22,477.6666666666667,290.3333333333333
23,478.3333333333333,290.6666666666667
24,478.3333333333333,293.3333333333333
25,478.0,295.6666666666667
26,476.6666666666667,294.6666666666667
27,477.0,292.6666666666667
28,477.6666666666667,292.3333333333333
29,478.0,293.3333333333333
30,477.6666666666667,294.0
31,476.0,294.0
62,476.6666666666667,292.3333333333333
63,478.0,293.3333333333333
64,481.0,295.3333333333333
65,481.0,296.6666666666667
66,481.0,292.6666666666667
67,479.3333333333333,289.6666666666667
68,479.6666666666667,291.6666666666667
69,479.3333333333333,296.0
70,479.0,297.0
71,477.6666666666667,293.3333333333333
72,477.3333333333333,289.6666666666667
73,478.3333333333333,290.0
74,478.6666666666667,292.6666666666667
75,478.3333333333333,295.6666666666667
76,477.0,294.6666666666667
77,476.3333333333333,292.3333333333333
78,476.3333333333333,292.6666666666667
79,476.6666666666667,294.0
80,477.0,295.3333333333333
81,475.3333333333333,294.3333333333333
82,475.3333333333333,293.0
83,475.6666666666667,294.0
84,477.6666666666667,295.6666666666667
85,477.6666666666667,295.6666666666667
86,478.0,292.6666666666667
87,477.0,289.3333333333333
88,478.3333333333333,291.0
89,479.3333333333333,295.0
90,480.0,297.0
91,478.0,292.6666666666667
92,476.6666666666667,290.6666666666667
93,477.0,292.0
94,478.6666666666667,296.3333333333333
95,479.0,296.0
96,478.3333333333333,292.3333333333333
97,477.6666666666667,288.3333333333333
98,478.0,289.0
99,478.0,292.3333333333333
100,477.6666666666667,295.6666666666667
101,476.3333333333333,294.6666666666667
102,476.6666666666667,293.0
103,477.0,293.3333333333333
104,477.6666666666667,295.0
105,477.3333333333333,295.6666666666667
106,476.0,294.6666666666667
107,475.3333333333333,292.3333333333333
108,475.3333333333333,293.0
109,477.6666666666667,294.3333333333333
110,478.3333333333333,295.0
111,478.6666666666667,291.6666666666667
112,477.0,288.6666666666667
113,478.3333333333333,290.0
114,480.0,294.3333333333333
115,480.3333333333333,296.3333333333333
116,478.1666666666667,293.0
117,476.1666666666667,290.6666666666667
118,477.1666666666667,292.0
119,479.0,295.6666666666667
120,479.3333333333333,296.0
121,478.0,292.3333333333333
122,477.3333333333333,288.3333333333333
123,478.0,289.3333333333333
124,478.3333333333333,292.6666666666667
125,478.3333333333333,296.0
126,476.6666666666667,294.3333333333333
127,476.6666666666667,291.6666666666667
128,476.6666666666667,291.6666666666667
129,477.6666666666667,293.6666666666667
130,477.3333333333333,295.3333333333333
131,476.6666666666667,293.0
162,476.5,289.3333333333333
163,478.1666666666667,290.0
164,479.5,294.0
165,479.0,296.3333333333333
166,478.0,291.6666666666667
167,476.0,289.3333333333333
168,477.0,291.0
169,477.6666666666667,296.3333333333333
170,479.0,296.3333333333333
171,478.3333333333333,293.0
172,477.3333333333333,287.6666666666667
173,478.0,288.3333333333333
174,478.0,291.3333333333333
175,478.0,295.3333333333333
176,477.1666666666667,294.3333333333333
177,477.1666666666667,291.0
178,477.5,291.3333333333333
179,478.0,293.3333333333333
180,477.6666666666667,295.6666666666667
181,477.3333333333333,293.3333333333333
182,476.0,290.0
183,476.6666666666667,291.3333333333333
184,477.6666666666667,294.3333333333333
185,478.3333333333333,295.3333333333333
186,478.0,291.0
187,476.6666666666667,286.6666666666667
188,477.6666666666667,288.3333333333333
189,478.3333333333333,292.6666666666667
190,478.3333333333333,295.0
191,475.3333333333333,291.0
192,474.0,287.3333333333333
193,475.3333333333333,289.3333333333333
194,478.0,293.6666666666667
195,479.3333333333333,296.0
196,478.3333333333333,293.0
197,478.3333333333333,288.0
198,478.3333333333333,288.3333333333333
199,478.6666666666667,291.6666666666667
200,478.3333333333333,296.0
201,477.0,294.3333333333333
202,476.0,290.0
203,476.0,290.0
204,477.0,292.3333333333333
205,477.3333333333333,295.6666666666667
206,476.6666666666667,295.6666666666667
207,476.6666666666667,292.3333333333333
208,477.3333333333333,293.0
209,478.3333333333333,294.0
210,477.6666666666667,296.3333333333333
211,475.6666666666667,292.3333333333333
212,474.6666666666667,288.6666666666667
213,476.0,289.0
214,479.3333333333333,293.0
215,479.3333333333333,295.0
216,476.5,291.0
217,474.5,289.6666666666667
218,475.5,291.0
219,479.0,295.3333333333333
220,479.3333333333333,295.6666666666667
221,480.0,291.3333333333333
222,481.0,286.6666666666667
223,482.0,287.0
224,481.3333333333333,291.6666666666667
225,479.0,296.0
226,476.0,293.6666666666667
227,475.0,289.6666666666667
228,475.0,289.3333333333333
229,477.6666666666667,292.6666666666667
230,478.0,295.6666666666667
231,478.0,296.0
6,474.6666666666667,288.0
7,475.3333333333333,288.3333333333333
8,476.6666666666667,289.3333333333333
9,479.6666666666667,295.6666666666667
10,479.0,295.0
11,476.6666666666667,293.3333333333333
12,477.3333333333333,294.6666666666667
13,479.0,295.6666666666667
14,480.3333333333333,295.3333333333333
15,480.3333333333333,291.0
16,480.3333333333333,286.3333333333333
17,481.0,287.0
18,480.6666666666667,291.6666666666667
19,479.3333333333333,295.6666666666667
20,478.3333333333333,295.8333333333333
21,476.6666666666667,291.1666666666667
22,476.6666666666667,291.5
23,477.3333333333333,293.0
24,478.6666666666667,296.6666666666667
25,478.6666666666667,296.6666666666667
26,476.1666666666667,292.0
27,476.1666666666667,292.6666666666667
28,477.5,293.3333333333333
29,479.3333333333333,296.3333333333333
30,479.0,295.6666666666667
31,474.0,288.6666666666667
32,474.0,288.6666666666667
33,475.6666666666667,289.5
34,479.0,295.5
35,478.3333333333333,295.8333333333333
36,476.3333333333333,293.0
37,477.0,293.6666666666667
38,478.6666666666667,294.3333333333333
39,479.6666666666667,295.6666666666667
40,479.3333333333333,293.6666666666667
41,480.3333333333333,288.0
42,480.3333333333333,288.3333333333333
43,480.6666666666667,291.0
44,478.6666666666667,296.3333333333333
45,478.0,296.0
46,475.6666666666667,290.0
47,475.3333333333333,289.6666666666667
48,476.0,291.6666666666667
49,477.6666666666667,296.3333333333333
50,477.6666666666667,296.3333333333333
51,477.3333333333333,290.3333333333333
52,477.6666666666667,290.6666666666667
53,478.6666666666667,291.3333333333333
54,479.0,295.6666666666667
55,478.3333333333333,295.3333333333333
56,473.3333333333333,287.3333333333333
57,473.0,287.6666666666667
58,474.6666666666667,287.6666666666667
59,478.6666666666667,295.0
60,478.0,294.6666666666667
61,476.3333333333333,293.0
62,476.3333333333333,293.0
63,477.6666666666667,293.6666666666667
64,478.6666666666667,295.0
65,478.3333333333333,294.3333333333333
66,479.6666666666667,287.3333333333333
67,479.6666666666667,287.0
68,480.6666666666667,288.6666666666667
69,478.6666666666667,295.3333333333333
70,478.3333333333333,296.3333333333333
71,477.0,291.6666666666667
72,476.3333333333333,291.3333333333333
73,476.3333333333333,292.0
74,477.0,295.3333333333333
75,477.3333333333333,295.3333333333333
106,475.6666666666667,286.3333333333333
107,475.3333333333333,285.6666666666667
108,476.3333333333333,286.0
109,477.6666666666667,293.6666666666667
110,478.0,294.6666666666667
111,477.6666666666667,293.6666666666667
112,477.6666666666667,294.0
113,479.3333333333333,294.0
114,479.6666666666667,294.0
115,482.0,294.0
116,484.6666666666667,288.3333333333333
117,485.0,287.6666666666667
118,483.6666666666667,288.3333333333333
119,479.6666666666667,294.3333333333333
120,478.0,296.0
121,475.3333333333333,291.0
122,474.6666666666667,290.0
123,476.6666666666667,290.3333333333333
124,479.0,295.0
125,479.6666666666667,295.6666666666667
126,478.3333333333333,292.3333333333333
127,477.6666666666667,291.3333333333333
128,478.3333333333333,291.0
129,478.3333333333333,294.3333333333333
130,478.3333333333333,294.6666666666667
131,473.6666666666667,287.1666666666667
132,473.0,285.8333333333333
133,474.3333333333333,285.1666666666667
134,478.6666666666667,293.0
135,478.6666666666667,294.0
136,477.6666666666667,294.6666666666667
137,477.0,294.0
138,478.6666666666667,293.3333333333333
139,479.0,293.0
140,481.0,294.0
141,484.0,287.6666666666667
142,484.6666666666667,286.6666666666667
143,484.0,286.6666666666667
144,480.0,294.0
145,479.0,295.3333333333333
146,476.0,289.6666666666667
147,475.3333333333333,288.0
148,476.0,288.0
149,477.6666666666667,293.6666666666667
150,478.0,295.0
151,477.0,295.0
152,475.8333333333333,294.3333333333333
153,477.1666666666667,293.6666666666667
154,477.8333333333333,294.3333333333333
155,479.0,294.3333333333333
156,478.3333333333333,294.8333333333333
157,477.6666666666667,292.8333333333333
158,479.6666666666667,292.1666666666667
159,479.6666666666667,291.6666666666667
160,479.3333333333333,293.3333333333333
161,477.3333333333333,294.0
162,476.6666666666667,293.6666666666667
163,478.0,293.0
164,479.0,292.6666666666667
165,480.0,293.6666666666667
166,482.3333333333333,288.6666666666667
167,481.6666666666667,287.0
168,481.6666666666667,287.0
169,478.6666666666667,293.0
170,479.3333333333333,296.0
171,475.3333333333333,289.0
172,474.6666666666667,287.3333333333333
173,474.0,286.3333333333333
174,477.3333333333333,293.6666666666667
175,477.3333333333333,295.0
206,476.6666666666667,295.0
207,476.0,292.3333333333333
208,478.3333333333333,291.3333333333333
209,479.6666666666667,292.0
210,479.6666666666667,294.6666666666667
211,477.3333333333333,295.3333333333333
212,475.3333333333333,294.0
213,476.0,293.0
214,477.0,293.0
215,479.0,294.0
216,479.1666666666667,294.3333333333333
217,478.1666666666667,290.6666666666667
218,477.8333333333333,291.0
219,477.6666666666667,291.6666666666667
220,479.0,296.3333333333333
221,478.3333333333333,296.0
222,476.6666666666667,293.6666666666667
223,475.6666666666667,292.6666666666667
224,476.0,293.0
225,477.0,295.0
226,476.3333333333333,295.0
227,475.0,294.0
228,476.0,293.0
229,477.3333333333333,293.3333333333333
230,478.3333333333333,294.3333333333333
231,477.6666666666667,294.6666666666667
232,478.3333333333333,292.0
233,480.6666666666667,290.3333333333333
234,482.0,290.6666666666667
235,480.6666666666667,293.6666666666667
236,478.1666666666667,294.6666666666667
237,476.8333333333333,293.6666666666667
238,476.8333333333333,292.3333333333333
239,477.3333333333333,292.0
240,479.0,293.6666666666667
241,481.0,295.3333333333333
242,480.6666666666667,291.6666666666667
243,479.6666666666667,291.6666666666667
244,478.3333333333333,291.0
245,479.6666666666667,296.3333333333333
246,479.3333333333333,296.0
247,478.6666666666667,294.6666666666667
248,477.3333333333333,293.3333333333333
249,477.0,293.6666666666667
250,476.6666666666667,295.0
251,476.3333333333333,295.0
252,475.3333333333333,294.1666666666667
253,476.0,293.1666666666667
254,477.0,294.1666666666667
255,479.0,295.6666666666667
0,479.0,296.3333333333333
1,477.3333333333333,293.0
2,477.6666666666667,291.0
3,478.6666666666667,291.0
4,479.6666666666667,294.0
5,478.3333333333333,295.3333333333333
6,476.6666666666667,295.0
7,477.3333333333333,294.0
8,477.6666666666667,293.0
9,478.6666666666667,294.0
10,478.6666666666667,295.0
11,477.3333333333333,291.0
12,477.0,290.6666666666667
13,476.3333333333333,291.0
14,478.3333333333333,296.6666666666667
15,477.6666666666667,296.6666666666667
16,476.3333333333333,294.3333333333333
17,475.6666666666667,292.6666666666667
18,476.3333333333333,293.6666666666667
19,477.3333333333333,295.6666666666667
50,476.6666666666667,296.0
51,475.6666666666667,292.3333333333333
52,476.6666666666667,290.3333333333333
53,478.0,291.0
54,479.3333333333333,295.3333333333333
55,479.0,297.0
56,476.3333333333333,295.3333333333333
57,476.0,293.0
58,476.0,292.6666666666667
59,479.3333333333333,294.6666666666667
60,479.3333333333333,294.6666666666667
61,478.0,291.0
62,476.6666666666667,290.3333333333333
63,477.0,291.6666666666667
64,480.3333333333333,296.6666666666667
65,480.0,297.0
66,478.8333333333333,294.6666666666667
67,476.8333333333333,293.0
68,478.1666666666667,293.6666666666667
69,478.6666666666667,295.3333333333333
70,478.3333333333333,295.3333333333333
71,476.3333333333333,293.3333333333333
72,476.6666666666667,291.6666666666667
73,477.3333333333333,293.0
74,480.3333333333333,296.0
75,480.6666666666667,296.6666666666667
76,481.3333333333333,293.6666666666667
77,480.6666666666667,289.6666666666667
78,483.0,291.6666666666667
79,483.0,296.3333333333333
80,481.3333333333333,298.3333333333333
81,478.0,297.0
82,477.0,294.0
83,477.6666666666667,293.6666666666667
84,480.0,294.3333333333333
85,479.6666666666667,294.6666666666667
86,479.3333333333333,291.0
87,477.6666666666667,290.6666666666667
88,478.3333333333333,291.3333333333333
89,479.6666666666667,296.0
90,479.3333333333333,296.0
91,478.6666666666667,294.3333333333333
92,476.6666666666667,293.0
93,478.0,293.6666666666667
94,478.6666666666667,295.0
95,478.6666666666667,295.3333333333333
96,477.0,294.3333333333333
97,476.6666666666667,293.0
98,477.6666666666667,293.3333333333333
99,480.3333333333333,295.6666666666667
100,480.0,296.6666666666667
101,480.3333333333333,293.6666666666667
102,480.0,288.6666666666667
103,483.0,289.3333333333333
104,482.6666666666667,293.0
105,480.6666666666667,296.0
106,477.6666666666667,294.6666666666667
107,477.0,293.0
108,477.6666666666667,292.3333333333333
109,480.0,293.6666666666667
110,480.0,294.3333333333333
111,478.6666666666667,290.6666666666667
112,476.3333333333333,290.6666666666667
113,477.3333333333333,292.0
114,480.0,297.3333333333333
115,480.0,297.0
116,480.0,294.3333333333333
117,478.0,292.6666666666667
118,479.3333333333333,293.6666666666667
119,479.0,296.0
150,479.3333333333333,296.0
151,477.6666666666667,291.3333333333333
152,477.3333333333333,287.0
153,479.0,287.6666666666667
154,479.6666666666667,292.3333333333333
155,479.0,295.6666666666667
156,478.0,294.6666666666667
157,478.0,292.0
158,479.0,292.0
159,480.6666666666667,293.6666666666667
160,481.0,295.0
161,482.0,293.5
162,480.3333333333333,292.8333333333333
163,480.6666666666667,293.8333333333333
164,480.6666666666667,297.0
165,479.6666666666667,297.3333333333333
166,478.6666666666667,297.0
167,477.0,295.0
168,478.3333333333333,296.3333333333333
169,479.0,297.0
170,478.6666666666667,297.3333333333333
171,476.6666666666667,295.3333333333333
172,476.0,292.0
173,477.3333333333333,292.3333333333333
174,480.0,293.6666666666667
175,480.0,295.6666666666667
176,478.1666666666667,291.6666666666667
177,477.1666666666667,288.0
178,478.5,289.0
179,480.3333333333333,294.6666666666667
180,479.0,297.3333333333333
181,478.3333333333333,296.6666666666667
182,477.6666666666667,293.6666666666667
183,478.6666666666667,293.3333333333333
184,479.6666666666667,293.6666666666667
185,479.6666666666667,294.6666666666667
186,478.6666666666667,293.3333333333333
187,477.3333333333333,292.6666666666667
188,478.3333333333333,293.6666666666667
189,480.6666666666667,296.6666666666667
190,480.3333333333333,297.0
191,479.0,296.5
192,477.3333333333333,294.8333333333333
193,478.6666666666667,296.1666666666667
194,479.6666666666667,296.6666666666667
195,478.6666666666667,297.0
196,477.3333333333333,294.3333333333333
197,476.3333333333333,292.3333333333333
198,477.6666666666667,292.6666666666667
199,479.6666666666667,295.6666666666667
200,479.6666666666667,296.3333333333333
201,479.0,291.0
202,478.0,285.6666666666667
203,479.6666666666667,286.6666666666667
204,480.3333333333333,293.3333333333333
205,479.6666666666667,297.3333333333333
206,478.3333333333333,295.6666666666667
207,477.3333333333333,292.6666666666667
208,477.6666666666667,292.0
209,479.3333333333333,293.6666666666667
210,480.0,294.3333333333333
211,479.3333333333333,293.6666666666667
212,477.6666666666667,293.0
213,478.6666666666667,294.3333333333333
214,480.3333333333333,296.3333333333333
215,479.8333333333333,296.6666666666667
216,477.5,294.6666666666667
217,476.1666666666667,293.3333333333333
218,477.6666666666667,294.6666666666667
219,479.6666666666667,297.0
250,479.3333333333333,296.3333333333333
251,476.8333333333333,290.1666666666667
252,476.1666666666667,283.8333333333333
253,477.8333333333333,285.5
254,480.3333333333333,292.0
255,480.3333333333333,297.5
0,480.0,297.1666666666667
1,478.6666666666667,294.1666666666667
2,478.6666666666667,293.6666666666667
3,479.3333333333333,293.3333333333333
4,479.0,294.3333333333333
5,478.0,293.3333333333333
6,476.0,292.3333333333333
7,477.6666666666667,293.0
8,479.6666666666667,295.0
9,479.6666666666667,295.6666666666667
10,478.0,295.3333333333333
11,476.3333333333333,293.1666666666667
12,477.3333333333333,294.5
13,478.3333333333333,295.1666666666667
14,478.6666666666667,296.3333333333333
15,477.6666666666667,295.3333333333333
16,477.0,292.0
17,478.0,292.6666666666667
18,480.3333333333333,294.0
19,480.6666666666667,296.0
20,476.0,290.6666666666667
21,475.6666666666667,283.0
22,477.3333333333333,284.3333333333333
23,482.6666666666667,290.8333333333333
24,481.0,297.1666666666667
25,480.0,295.8333333333333
26,478.3333333333333,292.6666666666667
27,478.6666666666667,292.0
28,479.3333333333333,292.6666666666667
29,479.6666666666667,293.3333333333333
30,478.6666666666667,293.3333333333333
31,477.3333333333333,292.6666666666667
32,478.0,294.0
33,480.0,295.6666666666667
34,479.3333333333333,296.3333333333333
35,478.0,296.0
36,476.0,294.6666666666667
37,477.3333333333333,295.6666666666667
38,478.3333333333333,296.3333333333333
39,478.0,296.6666666666667
40,476.6666666666667,295.0
41,475.3333333333333,291.0
42,477.3333333333333,291.0
43,480.0,293.3333333333333
44,482.0,296.3333333333333
45,481.3333333333333,296.6666666666667
46,480.6666666666667,286.6666666666667
47,481.0,287.0
48,481.3333333333333,288.0
49,479.6666666666667,296.6666666666667
50,480.0,296.6666666666667
51,478.6666666666667,292.6666666666667
52,479.3333333333333,291.6666666666667
53,479.0,291.6666666666667
54,480.3333333333333,294.3333333333333
55,479.6666666666667,295.3333333333333
56,477.6666666666667,294.8333333333333
57,478.0,294.8333333333333
58,478.6666666666667,295.1666666666667
59,479.0,295.3333333333333
60,477.3333333333333,295.0
61,476.3333333333333,293.6666666666667
62,476.3333333333333,294.5
63,477.3333333333333,295.5
94,477.6666666666667,295.8333333333333
95,477.3333333333333,295.0
96,472.1666666666667,282.0
97,472.8333333333333,281.6666666666667
98,473.8333333333333,282.0
99,479.0,294.6666666666667
100,478.6666666666667,295.6666666666667
101,477.3333333333333,294.3333333333333
102,477.0,293.0
103,477.6666666666667,292.0
104,479.3333333333333,294.0
105,479.0,294.6666666666667
106,477.3333333333333,295.0
107,477.0,293.6666666666667
108,478.3333333333333,294.3333333333333
109,478.6666666666667,294.0
110,477.6666666666667,294.3333333333333
111,476.6666666666667,293.0
112,477.3333333333333,294.0
113,478.0,294.3333333333333
114,477.3333333333333,295.3333333333333
115,476.6666666666667,294.6666666666667
116,475.3333333333333,290.0
117,476.0,289.6666666666667
118,477.3333333333333,289.6666666666667
119,478.3333333333333,293.6666666666667
120,477.6666666666667,293.6666666666667
121,476.0,280.0
122,476.3333333333333,279.6666666666667
123,477.0,280.0
124,477.6666666666667,294.3333333333333
125,478.3333333333333,295.6666666666667
126,477.0,293.3333333333333
127,477.3333333333333,292.0
128,477.6666666666667,290.6666666666667
129,480.0,292.6666666666667
130,479.6666666666667,293.0
131,477.6666666666667,292.6666666666667
132,476.3333333333333,292.3333333333333
133,477.3333333333333,292.6666666666667
134,478.3333333333333,293.6666666666667
135,478.0,294.0
136,476.6666666666667,293.0
137,476.0,293.0
138,476.3333333333333,293.0
139,476.3333333333333,294.3333333333333
140,476.6666666666667,294.3333333333333
141,476.0,290.6666666666667
142,477.0,290.0
143,478.0,290.0
144,479.0,293.0
145,478.0,293.3333333333333
146,474.1666666666667,283.6666666666667
147,473.8333333333333,283.0
148,475.1666666666667,283.6666666666667
149,478.3333333333333,294.0
150,479.0,296.3333333333333
151,477.0,294.0
152,477.0,292.3333333333333
153,477.3333333333333,290.6666666666667
154,479.0,292.3333333333333
155,479.0,293.6666666666667
156,476.6666666666667,293.0
157,476.0,292.3333333333333
158,476.6666666666667,292.0
159,478.0,293.3333333333333
160,477.3333333333333,294.3333333333333
161,476.6666666666667,295.0
162,476.0,294.6666666666667
163,477.0,294.0
194,477.3333333333333,293.6666666666667
195,477.6666666666667,294.3333333333333
196,477.6666666666667,294.3333333333333
197,476.6666666666667,292.0
198,477.6666666666667,291.3333333333333
199,478.0,292.0
200,479.1666666666667,295.0
201,478.8333333333333,295.0
202,478.5,293.6666666666667
203,478.3333333333333,291.0
204,479.3333333333333,291.6666666666667
205,479.0,293.0
206,478.0,295.3333333333333
207,477.0,294.3333333333333
208,477.3333333333333,293.3333333333333
209,478.3333333333333,292.3333333333333
210,477.6666666666667,293.3333333333333
211,477.3333333333333,294.0
212,475.6666666666667,294.0
213,476.3333333333333,293.3333333333333
214,476.3333333333333,293.6666666666667
215,477.3333333333333,294.3333333333333
216,477.3333333333333,294.3333333333333
217,477.6666666666667,293.0
218,478.3333333333333,291.6666666666667
219,478.6666666666667,292.3333333333333
220,478.3333333333333,293.6666666666667
221,477.0,294.6666666666667
222,475.0,291.6666666666667
223,475.3333333333333,291.3333333333333
224,476.3333333333333,292.3333333333333
225,478.6666666666667,295.6666666666667
226,478.6666666666667,295.0
227,479.0,292.6666666666667
228,479.6666666666667,290.3333333333333
229,481.3333333333333,291.6666666666667
230,481.0,293.6666666666667
231,479.3333333333333,296.0
232,477.6666666666667,294.6666666666667
233,477.6666666666667,293.3333333333333
234,478.3333333333333,292.6666666666667
235,478.0,293.3333333333333
236,477.6666666666667,293.6666666666667
237,476.3333333333333,293.3333333333333
238,476.3333333333333,292.3333333333333
239,476.3333333333333,292.6666666666667
240,477.0,293.3333333333333
241,477.0,293.6666666666667
242,477.0,292.3333333333333
243,477.6666666666667,291.3333333333333
244,478.3333333333333,292.6666666666667
245,478.3333333333333,294.6666666666667
246,478.0,294.6666666666667
247,477.0,292.3333333333333
248,477.0,291.6666666666667
249,477.0,293.0
250,478.0,295.6666666666667
251,478.3333333333333,295.6666666666667
252,478.6666666666667,293.3333333333333
253,479.0,290.6666666666667
254,480.3333333333333,290.3333333333333
255,479.6666666666667,292.3333333333333
0,478.3333333333333,294.0
1,476.3333333333333,293.6666666666667
2,476.3333333333333,292.6666666666667
3,477.3333333333333,293.0
4,478.0,294.0
5,478.0,294.6666666666667
6,476.6666666666667,293.0
7,477.0,292.0
38,478.0,292.6666666666667
39,479.3333333333333,295.3333333333333
40,478.6666666666667,296.0
41,477.0,292.3333333333333
42,476.3333333333333,290.6666666666667
43,476.3333333333333,291.3333333333333
44,478.0,295.3333333333333
45,478.6666666666667,295.3333333333333
46,478.3333333333333,292.6666666666667
47,479.0,289.3333333333333
48,480.6666666666667,289.6666666666667
49,481.3333333333333,292.3333333333333
50,479.6666666666667,294.6666666666667
51,476.6666666666667,293.6666666666667
52,476.6666666666667,291.6666666666667
53,477.3333333333333,292.0
54,478.3333333333333,293.3333333333333
55,478.0,295.0
56,476.3333333333333,293.3333333333333
57,476.3333333333333,292.0
58,477.0,292.6666666666667
59,478.0,295.0
60,477.6666666666667,295.3333333333333
61,477.0,292.6666666666667
62,477.3333333333333,290.3333333333333
63,478.3333333333333,291.3333333333333
64,479.0,294.3333333333333
65,479.3333333333333,295.3333333333333
66,479.3333333333333,291.3333333333333
67,478.3333333333333,289.6666666666667
68,478.0,290.6666666666667
69,477.6666666666667,295.3333333333333
70,478.6666666666667,295.6666666666667
71,477.6666666666667,293.0
72,477.6666666666667,289.6666666666667
73,478.3333333333333,290.0
74,479.0,292.6666666666667
75,478.3333333333333,295.0
76,476.3333333333333,294.0
77,476.6666666666667,292.3333333333333
78,477.3333333333333,292.3333333333333
79,478.0,293.3333333333333
80,477.6666666666667,294.3333333333333
81,477.0,293.3333333333333
82,477.0,292.3333333333333
83,477.0,293.0
84,477.3333333333333,294.6666666666667
85,477.3333333333333,295.0
86,477.3333333333333,292.6666666666667
87,477.0,290.6666666666667
88,477.6666666666667,291.6666666666667
89,478.6666666666667,295.0
90,479.0,296.0
91,478.3333333333333,291.6666666666667
92,477.3333333333333,289.0
93,477.3333333333333,290.3333333333333
94,478.0,295.0
95,478.3333333333333,296.0
96,477.3333333333333,293.0
97,477.0,289.6666666666667
98,478.0,290.3333333333333
99,478.6666666666667,293.0
100,478.0,295.3333333333333
101,476.0,293.3333333333333
102,476.0,291.6666666666667
103,476.6666666666667,292.0
104,477.3333333333333,294.0
105,477.0,295.0
106,476.3333333333333,294.0
107,476.0,292.6666666666667
138,477.3333333333333,293.0
139,478.6666666666667,295.3333333333333
140,479.3333333333333,296.0
141,477.6666666666667,293.0
142,476.3333333333333,290.6666666666667
143,476.6666666666667,291.6666666666667
144,478.6666666666667,295.3333333333333
145,479.3333333333333,296.0
146,478.6666666666667,292.6666666666667
147,477.6666666666667,289.0
148,478.3333333333333,289.6666666666667
149,478.3333333333333,293.0
150,477.5,295.6666666666667
151,476.1666666666667,294.0
152,475.8333333333333,291.6666666666667
153,477.0,292.3333333333333
154,477.6666666666667,294.6666666666667
155,478.0,295.6666666666667
156,476.0,293.6666666666667
157,475.0,291.3333333333333
158,475.6666666666667,293.0
159,478.3333333333333,295.3333333333333
160,478.6666666666667,296.0
161,477.6666666666667,292.0
162,476.0,289.0
163,477.6666666666667,290.0
164,479.0,294.0
165,479.0,296.3333333333333
166,476.3333333333333,292.3333333333333
167,474.6666666666667,290.0
168,475.6666666666667,290.6666666666667
169,478.0,295.3333333333333
170,479.0,296.3333333333333
171,477.6666666666667,293.3333333333333
172,477.6666666666667,288.3333333333333
173,478.6666666666667,288.6666666666667
174,479.3333333333333,291.3333333333333
175,478.3333333333333,295.3333333333333
176,476.0,294.0
177,475.6666666666667,291.6666666666667
178,476.0,291.6666666666667
179,477.0,294.0
180,477.0,295.6666666666667
181,475.6666666666667,293.6666666666667
182,475.3333333333333,290.6666666666667
183,476.6666666666667,292.0
184,478.6666666666667,294.6666666666667
185,479.0,295.6666666666667
186,477.6666666666667,291.6666666666667
187,476.3333333333333,288.0
188,477.0,289.6666666666667
189,478.6666666666667,293.3333333333333
190,478.6666666666667,295.3333333333333
191,477.3333333333333,289.6666666666667
192,476.0,288.0
193,477.0,290.0
194,479.0,295.6666666666667
195,479.3333333333333,296.0
196,479.3333333333333,292.6666666666667
197,479.0,288.0
198,479.6666666666667,289.0
199,479.0,292.3333333333333
200,478.0,296.3333333333333
201,477.3333333333333,295.0
202,477.0,292.0
203,477.0,292.0
204,477.0,294.0
205,477.0,296.0
206,473.6666666666667,294.3333333333333
207,472.6666666666667,291.3333333333333
238,474.0,291.3333333333333
239,478.3333333333333,293.6666666666667
240,478.6666666666667,295.3333333333333
241,477.6666666666667,295.3333333333333
242,476.3333333333333,294.0
243,477.6666666666667,295.0
244,479.0,295.6666666666667
245,479.6666666666667,295.6666666666667
246,479.3333333333333,292.0
247,480.3333333333333,287.3333333333333
248,481.6666666666667,288.0
249,481.3333333333333,292.0
250,479.0,296.3333333333333
251,477.6666666666667,294.3333333333333
252,477.0,290.6666666666667
253,477.3333333333333,290.3333333333333
254,477.6666666666667,293.6666666666667
255,478.0,296.6666666666667
0,478.0,297.0
1,476.3333333333333,292.0
2,477.0,292.3333333333333
3,478.0,293.0
4,478.6666666666667,296.3333333333333
5,477.1666666666667,292.3333333333333
6,475.1666666666667,287.3333333333333
7,476.1666666666667,288.0
8,478.3333333333333,291.6666666666667
9,479.0,294.6666666666667
10,478.3333333333333,294.0
11,477.0,291.6666666666667
12,477.3333333333333,293.6666666666667
13,479.0,294.6666666666667
14,479.3333333333333,296.0
15,479.3333333333333,292.0
16,479.6666666666667,287.6666666666667
17,480.3333333333333,288.3333333333333
18,481.0,292.1666666666667
19,479.3333333333333,295.8333333333333
20,476.8333333333333,295.0
21,474.5,289.8333333333333
22,474.1666666666667,289.5
23,476.3333333333333,292.0
24,477.5,296.3333333333333
25,477.1666666666667,296.6666666666667
26,475.5,292.0
27,476.0,293.0
28,477.3333333333333,293.6666666666667
29,478.0,296.0
30,479.0,291.6666666666667
31,477.6666666666667,286.3333333333333
32,478.6666666666667,287.0
33,479.3333333333333,291.6666666666667
34,480.0,295.3333333333333
35,479.3333333333333,295.3333333333333
36,477.3333333333333,292.0
37,477.6666666666667,293.6666666666667
38,479.0,294.3333333333333
39,479.3333333333333,295.6666666666667
40,478.6666666666667,292.3333333333333
41,479.0,287.6666666666667
42,479.6666666666667,288.6666666666667
43,480.5,292.3333333333333
44,479.1666666666667,296.1666666666667
45,479.1666666666667,294.5
46,478.0,290.5
47,477.6666666666667,290.6666666666667
48,477.0,293.0
49,477.3333333333333,296.0
50,477.3333333333333,296.0
51,475.6666666666667,290.0
82,476.3333333333333,290.0
83,479.0,290.3333333333333
84,480.6666666666667,295.0
85,479.6666666666667,294.6666666666667
86,477.8333333333333,293.0
87,478.1666666666667,293.3333333333333
88,479.5,294.0
89,479.3333333333333,294.6666666666667
90,479.6666666666667,290.3333333333333
91,479.0,284.6666666666667
92,478.6666666666667,285.0
93,478.3333333333333,290.3333333333333
94,478.0,295.6666666666667
95,477.6666666666667,296.3333333333333
96,475.3333333333333,291.3333333333333
97,475.0,290.6666666666667
98,475.3333333333333,290.6666666666667
99,477.0,295.0
100,477.0,295.6666666666667
101,473.0,290.3333333333333
102,473.0,290.0
103,474.6666666666667,290.0
104,479.3333333333333,295.3333333333333
105,479.3333333333333,295.0
106,475.3333333333333,286.3333333333333
107,474.6666666666667,285.3333333333333
108,477.3333333333333,286.0
109,481.0,294.3333333333333
110,480.3333333333333,295.0
111,478.3333333333333,292.0
112,477.6666666666667,292.6666666666667
113,479.0,292.6666666666667
114,479.0,294.6666666666667
115,478.6666666666667,293.6666666666667
116,478.3333333333333,288.0
117,477.6666666666667,287.6666666666667
118,478.0,289.0
119,477.6666666666667,294.3333333333333
120,478.0,295.3333333333333
121,476.5,290.6666666666667
122,475.8333333333333,290.6666666666667
123,475.8333333333333,291.0
124,477.3333333333333,294.6666666666667
125,477.6666666666667,294.6666666666667
126,473.6666666666667,289.3333333333333
127,472.6666666666667,290.0
128,474.0,290.3333333333333
129,478.6666666666667,295.6666666666667
130,479.0,295.0
131,473.3333333333333,286.3333333333333
132,472.6666666666667,285.0
133,475.3333333333333,285.0
134,480.3333333333333,293.3333333333333
135,479.6666666666667,294.0
136,477.6666666666667,293.6666666666667
137,476.6666666666667,293.6666666666667
138,478.0,294.0
139,478.3333333333333,294.3333333333333
140,479.3333333333333,293.6666666666667
141,477.3333333333333,287.6666666666667
142,476.3333333333333,286.6666666666667
143,476.6666666666667,288.0
144,477.8333333333333,293.6666666666667
145,477.8333333333333,294.6666666666667
146,474.5,290.0
147,473.6666666666667,290.3333333333333
148,474.0,290.6666666666667
149,476.3333333333333,295.3333333333333
150,476.6666666666667,295.0
151,477.0,294.3333333333333
182,477.3333333333333,292.3333333333333
183,479.6666666666667,292.0
184,480.0,292.3333333333333
185,479.3333333333333,294.0
186,477.3333333333333,294.3333333333333
187,476.3333333333333,293.6666666666667
188,477.3333333333333,293.3333333333333
189,477.6666666666667,293.3333333333333
190,478.6666666666667,294.0
191,479.6666666666667,288.3333333333333
192,479.3333333333333,286.6666666666667
193,479.0,287.3333333333333
194,477.6666666666667,293.3333333333333
195,478.0,295.6666666666667
196,477.0,290.0
197,476.6666666666667,289.0
198,476.3333333333333,288.3333333333333
199,477.0,294.0
200,476.6666666666667,294.6666666666667
201,476.3333333333333,294.6666666666667
202,475.3333333333333,293.3333333333333
203,476.3333333333333,292.6666666666667
204,477.6666666666667,293.0
205,478.6666666666667,294.0
206,478.3333333333333,294.3333333333333
207,477.0,292.3333333333333
208,478.6666666666667,291.0
209,479.0,291.3333333333333
210,479.3333333333333,293.0
211,477.6666666666667,294.0
212,476.3333333333333,293.3333333333333
213,477.0,293.3333333333333
214,478.0,293.3333333333333
215,479.3333333333333,294.0
216,478.6666666666667,294.3333333333333
217,477.0,292.0
218,476.6666666666667,292.6666666666667
219,477.0,293.0
220,478.0,296.3333333333333
221,477.3333333333333,295.6666666666667
222,477.0,294.0
223,476.6666666666667,292.3333333333333
224,476.6666666666667,293.0
225,476.0,293.6666666666667
226,475.6666666666667,294.0
227,474.6666666666667,293.3333333333333
228,476.3333333333333,292.6666666666667
229,477.6666666666667,293.6666666666667
230,479.3333333333333,294.6666666666667
231,478.3333333333333,295.3333333333333
232,477.6666666666667,293.0
233,479.6666666666667,291.3333333333333
234,480.3333333333333,292.3333333333333
235,480.0,294.3333333333333
236,477.0,294.6666666666667
237,475.6666666666667,293.3333333333333
238,476.3333333333333,292.6666666666667
239,477.3333333333333,293.0
240,479.3333333333333,294.0
241,479.3333333333333,294.3333333333333
242,478.0,290.6666666666667
243,477.0,290.6666666666667
244,476.3333333333333,291.0
245,478.0,295.3333333333333
246,478.0,295.3333333333333
247,478.0,294.3333333333333
248,477.3333333333333,293.3333333333333
249,477.3333333333333,293.6666666666667
250,477.0,294.3333333333333
251,476.6666666666667,294.3333333333333
26,475.5,291.0
27,476.5,290.1666666666667
28,477.8333333333333,291.5
29,478.3333333333333,294.8333333333333
30,477.0,295.6666666666667
31,475.6666666666667,294.3333333333333
32,476.3333333333333,293.0
33,477.3333333333333,292.6666666666667
34,479.6666666666667,293.6666666666667
35,479.6666666666667,294.6666666666667
36,479.0,290.6666666666667
37,477.6666666666667,290.6666666666667
38,477.6666666666667,290.6666666666667
39,479.0,296.3333333333333
40,478.3333333333333,295.6666666666667
41,477.3333333333333,294.6666666666667
42,476.6666666666667,293.0
43,477.0,294.0
44,477.6666666666667,295.0
45,477.0,295.3333333333333
46,475.6666666666667,294.0
47,476.0,292.6666666666667
48,477.0,293.0
49,478.0,294.6666666666667
50,477.3333333333333,295.6666666666667
51,476.6666666666667,292.6666666666667
52,477.3333333333333,290.0
53,478.3333333333333,290.6666666666667
54,478.6666666666667,294.3333333333333
55,477.6666666666667,295.6666666666667
56,476.3333333333333,295.0
57,476.3333333333333,293.3333333333333
58,477.3333333333333,293.0
59,479.3333333333333,293.6666666666667
60,479.3333333333333,294.6666666666667
61,477.3333333333333,291.3333333333333
62,476.6666666666667,291.0
63,476.6666666666667,291.0
64,479.3333333333333,295.6666666666667
65,478.6666666666667,296.0
66,477.0,294.0
67,476.0,293.0
68,476.3333333333333,293.0
69,477.3333333333333,295.0
70,476.3333333333333,294.6666666666667
71,475.6666666666667,294.0
72,476.3333333333333,293.0
73,477.6666666666667,293.6666666666667
74,479.0,295.0
75,478.0,295.3333333333333
76,477.3333333333333,292.0
77,477.0,289.0
78,478.6666666666667,290.3333333333333
79,479.0,294.3333333333333
80,478.0,296.0
81,477.0,294.3333333333333
82,476.6666666666667,292.3333333333333
83,477.3333333333333,292.0
84,479.6666666666667,293.5
85,480.6666666666667,294.5
86,481.6666666666667,290.5
87,479.6666666666667,290.3333333333333
88,479.0,291.3333333333333
89,479.3333333333333,296.6666666666667
90,479.0,296.0
91,478.0,294.3333333333333
92,476.6666666666667,293.6666666666667
93,476.6666666666667,294.6666666666667
94,477.3333333333333,296.0
95,476.6666666666667,295.6666666666667
126,476.3333333333333,292.3333333333333
127,476.6666666666667,290.0
128,477.6666666666667,290.0
129,478.0,293.0
130,477.3333333333333,294.6666666666667
131,476.3333333333333,294.6666666666667
132,476.6666666666667,293.3333333333333
133,478.0,293.0
134,481.0,295.0
135,482.6666666666667,297.0
136,483.0,294.6666666666667
137,481.0,293.3333333333333
138,479.6666666666667,293.3333333333333
139,480.0,297.3333333333333
140,479.0,297.0
141,480.0,297.0
142,479.6666666666667,295.3333333333333
143,481.6666666666667,296.6666666666667
144,481.3333333333333,296.6666666666667
145,480.0,297.0
146,478.3333333333333,295.0
147,477.0,293.3333333333333
148,477.3333333333333,293.6666666666667
149,479.0,295.3333333333333
150,479.1666666666667,295.3333333333333
151,477.8333333333333,292.0
152,476.8333333333333,288.3333333333333
153,477.3333333333333,289.0
154,479.0,293.0
155,478.3333333333333,295.3333333333333
156,477.6666666666667,294.6666666666667
157,477.5,292.3333333333333
158,478.1666666666667,292.3333333333333
159,481.5,294.3333333333333
160,482.0,295.6666666666667
161,481.3333333333333,293.6666666666667
162,478.3333333333333,292.0
163,478.0,293.3333333333333
164,479.6666666666667,296.6666666666667
165,479.3333333333333,297.0
166,479.6666666666667,293.6666666666667
167,478.3333333333333,292.0
168,479.6666666666667,293.0
169,478.6666666666667,296.3333333333333
170,478.0,296.6666666666667
171,477.3333333333333,295.0
172,477.6666666666667,292.6666666666667
173,479.0,292.3333333333333
174,479.6666666666667,293.6666666666667
175,479.0,294.3333333333333
176,478.1666666666667,291.6666666666667
177,477.1666666666667,288.0
178,478.8333333333333,289.6666666666667
179,479.6666666666667,294.0
180,479.3333333333333,297.0
181,478.3333333333333,295.3333333333333
182,477.6666666666667,292.3333333333333
183,478.0,291.8333333333333
184,480.0,293.5
185,480.3333333333333,295.1666666666667
186,478.6666666666667,293.0
187,477.0,292.0
188,477.3333333333333,293.3333333333333
189,481.0,297.0
190,480.3333333333333,297.0
191,480.0,295.6666666666667
192,477.6666666666667,293.6666666666667
193,479.3333333333333,294.6666666666667
194,479.6666666666667,296.3333333333333
195,479.6666666666667,297.0
226,479.6666666666667,292.0
227,476.6666666666667,286.6666666666667
228,477.6666666666667,287.6666666666667
229,476.0,292.6666666666667
230,477.6666666666667,296.6666666666667
231,478.0,294.6666666666667
232,478.0,292.0
233,478.6666666666667,291.6666666666667
234,479.6666666666667,293.6666666666667
235,480.6666666666667,295.6666666666667
236,480.6666666666667,294.6666666666667
237,479.0,293.6666666666667
238,479.0,294.0
239,480.0,296.3333333333333
240,478.6666666666667,296.3333333333333
241,477.6666666666667,296.1666666666667
242,476.3333333333333,294.5
243,478.0,295.8333333333333
244,478.8333333333333,296.0
245,478.5,296.3333333333333
246,477.5,294.3333333333333
247,476.6666666666667,292.0
248,477.6666666666667,292.3333333333333
249,479.0,294.0
250,479.0,295.0
251,478.0,290.3333333333333
252,475.3333333333333,285.0
253,476.6666666666667,286.0
254,477.6666666666667,291.6666666666667
255,478.6666666666667,296.0
0,478.0,295.3333333333333
1,477.3333333333333,292.6666666666667
2,478.3333333333333,292.6666666666667
3,479.3333333333333,293.6666666666667
4,479.3333333333333,294.6666666666667
5,478.6666666666667,294.6666666666667
6,477.3333333333333,293.3333333333333
7,478.6666666666667,294.6666666666667
8,480.3333333333333,296.0
9,480.0,296.6666666666667
10,477.3333333333333,296.0
11,476.0,294.3333333333333
12,477.3333333333333,295.3333333333333
13,479.3333333333333,296.0
14,478.6666666666667,296.6666666666667
15,477.3333333333333,295.6666666666667
16,476.3333333333333,293.3333333333333
17,477.3333333333333,293.6666666666667
18,478.6666666666667,294.6666666666667
19,478.6666666666667,295.6666666666667
20,478.3333333333333,289.6666666666667
21,476.6666666666667,283.6666666666667
22,478.6666666666667,284.6666666666667
23,479.3333333333333,291.6666666666667
24,479.3333333333333,296.3333333333333
25,478.6666666666667,296.0
26,477.6666666666667,293.3333333333333
27,479.0,293.0
28,480.0,293.0
29,480.0,294.0
30,478.3333333333333,293.6666666666667
31,476.0,293.0
32,477.3333333333333,293.6666666666667
33,479.6666666666667,295.3333333333333
34,480.3333333333333,295.3333333333333
35,477.6666666666667,293.8333333333333
36,476.6666666666667,291.8333333333333
37,477.3333333333333,293.5
38,479.6666666666667,295.6666666666667
39,478.6666666666667,297.0
70,477.3333333333333,295.3333333333333
71,473.6666666666667,287.6666666666667
72,474.6666666666667,287.6666666666667
73,475.6666666666667,289.3333333333333
74,478.3333333333333,296.0
75,478.6666666666667,295.3333333333333
76,478.0,292.6666666666667
77,478.6666666666667,292.0
78,480.0,293.0
79,481.0,294.0
80,479.6666666666667,293.6666666666667
81,477.6666666666667,292.6666666666667
82,478.0,293.3333333333333
83,480.0,295.0
84,480.0,295.3333333333333
85,478.3333333333333,295.0
86,478.3333333333333,292.0
87,479.0,293.0
88,479.6666666666667,293.3333333333333
89,477.6666666666667,295.6666666666667
90,476.6666666666667,295.0
91,476.3333333333333,292.3333333333333
92,478.3333333333333,292.3333333333333
93,479.6666666666667,293.0
94,479.3333333333333,295.0
95,477.3333333333333,294.6666666666667
96,471.1666666666667,284.6666666666667
97,471.8333333333333,285.0
98,473.1666666666667,286.0
99,478.0,295.6666666666667
100,479.3333333333333,296.0
101,478.6666666666667,293.6666666666667
102,479.3333333333333,292.6666666666667
103,479.3333333333333,292.3333333333333
104,480.3333333333333,293.6666666666667
105,479.6666666666667,294.0
106,477.6666666666667,293.5
107,477.3333333333333,293.5
108,478.6666666666667,294.5
109,479.0,295.0
110,478.0,295.0
111,477.0,293.0
112,477.3333333333333,294.0
113,478.0,294.3333333333333
114,477.3333333333333,295.3333333333333
115,476.6666666666667,294.0
116,475.6666666666667,291.0
117,476.6666666666667,291.3333333333333
118,478.5,292.6666666666667
119,479.5,294.6666666666667
120,478.5,294.0
121,472.0,284.3333333333333
122,472.3333333333333,284.3333333333333
123,473.0,285.6666666666667
124,478.0,295.0
125,477.6666666666667,296.3333333333333
126,477.3333333333333,293.6666666666667
127,477.6666666666667,292.3333333333333
128,478.3333333333333,291.6666666666667
129,479.0,293.3333333333333
130,478.6666666666667,294.3333333333333
131,477.3333333333333,294.0
132,477.3333333333333,294.0
133,478.3333333333333,294.3333333333333
134,479.0,294.6666666666667
135,478.3333333333333,294.3333333333333
136,477.0,293.0
137,476.3333333333333,293.6666666666667
138,476.6666666666667,294.3333333333333
139,476.6666666666667,295.6666666666667
170,476.6666666666667,295.0
171,476.6666666666667,294.6666666666667
172,476.6666666666667,292.6666666666667
173,477.3333333333333,293.0
174,477.3333333333333,293.6666666666667
175,478.3333333333333,296.0
176,477.6666666666667,292.6666666666667
177,477.6666666666667,290.6666666666667
178,477.6666666666667,288.6666666666667
179,479.0,291.6666666666667
180,478.3333333333333,293.0
181,476.6666666666667,293.3333333333333
182,476.0,293.0
183,477.0,293.0
184,477.6666666666667,293.6666666666667
185,477.0,294.3333333333333
186,475.3333333333333,292.6666666666667
187,475.3333333333333,292.6666666666667
188,475.6666666666667,292.0
189,476.3333333333333,293.6666666666667
190,476.3333333333333,294.0
191,475.6666666666667,292.0
192,476.3333333333333,291.6666666666667
193,477.3333333333333,291.0
194,478.6666666666667,293.3333333333333
195,478.0,293.6666666666667
196,477.3333333333333,294.6666666666667
197,476.3333333333333,293.3333333333333
198,476.6666666666667,293.0
199,476.6666666666667,293.0
200,477.6666666666667,295.3333333333333
201,478.0,296.0
202,478.6666666666667,294.0
203,479.0,291.6666666666667
204,480.0,291.3333333333333
205,479.5,293.0
206,478.1666666666667,295.6666666666667
207,477.5,294.6666666666667
208,478.0,294.0
209,478.3333333333333,292.3333333333333
210,477.3333333333333,293.3333333333333
211,476.3333333333333,293.6666666666667
212,475.6666666666667,293.3333333333333
213,476.0,293.3333333333333
214,476.3333333333333,293.3333333333333
215,476.6666666666667,294.0
216,475.6666666666667,290.3333333333333
217,476.0,289.6666666666667
218,476.6666666666667,289.0
219,478.0,293.0
220,478.0,293.6666666666667
221,478.0,294.0
222,477.3333333333333,291.3333333333333
223,477.3333333333333,291.1666666666667
224,477.3333333333333,292.1666666666667
225,478.6666666666667,295.5
226,478.6666666666667,295.3333333333333
227,478.6666666666667,293.3333333333333
228,478.6666666666667,291.0
229,479.0,291.3333333333333
230,479.0,293.0
231,478.0,295.0
232,477.3333333333333,293.6666666666667
233,477.3333333333333,292.6666666666667
234,477.6666666666667,292.0
235,477.3333333333333,293.6666666666667
236,477.0,294.3333333333333
237,476.0,293.6666666666667
238,476.3333333333333,292.6666666666667
239,476.0,293.3333333333333
14,478.0,295.0
15,478.0,295.6666666666667
16,478.6666666666667,292.0
17,478.3333333333333,290.3333333333333
18,478.3333333333333,291.3333333333333
19,478.6666666666667,295.3333333333333
20,478.0,296.0
21,478.0,293.3333333333333
22,478.0,290.3333333333333
23,478.3333333333333,290.3333333333333
24,478.6666666666667,292.3333333333333
25,478.0,294.6666666666667
26,477.6666666666667,294.0
27,477.6666666666667,293.0
28,477.6666666666667,293.0
29,477.0,293.6666666666667
30,476.0,294.0
31,475.3333333333333,293.3333333333333
32,475.3333333333333,292.6666666666667
33,476.3333333333333,293.6666666666667
34,477.3333333333333,295.0
35,477.6666666666667,295.6666666666667
36,477.3333333333333,293.6666666666667
37,478.0,291.6666666666667
38,479.3333333333333,292.0
39,480.3333333333333,295.0
40,479.6666666666667,296.0
41,478.3333333333333,292.6666666666667
42,477.6666666666667,290.6666666666667
43,477.3333333333333,291.3333333333333
44,478.3333333333333,295.3333333333333
45,478.3333333333333,295.3333333333333
46,479.0,293.3333333333333
47,478.3333333333333,290.6666666666667
48,479.3333333333333,291.3333333333333
49,479.0,293.3333333333333
50,478.3333333333333,295.3333333333333
51,476.6666666666667,294.3333333333333
52,476.6666666666667,293.0
53,478.0,293.0
54,478.6666666666667,294.0
55,478.6666666666667,294.8333333333333
56,477.0,292.8333333333333
57,476.6666666666667,291.8333333333333
58,476.3333333333333,292.3333333333333
59,477.6666666666667,294.6666666666667
60,477.6666666666667,294.6666666666667
61,478.0,292.3333333333333
62,478.0,290.6666666666667
63,479.3333333333333,291.6666666666667
64,480.3333333333333,295.0
65,479.6666666666667,296.0
66,477.3333333333333,293.0
67,476.6666666666667,291.0
68,477.0,292.3333333333333
69,479.0,295.6666666666667
70,478.6666666666667,295.3333333333333
71,479.0,292.3333333333333
72,479.0,289.6666666666667
73,479.6666666666667,291.0
74,479.3333333333333,293.6666666666667
75,478.3333333333333,296.0
76,477.6666666666667,294.0
77,477.3333333333333,291.6666666666667
78,478.0,291.3333333333333
79,477.6666666666667,293.3333333333333
80,477.6666666666667,294.6666666666667
81,476.3333333333333,294.3333333333333
82,476.6666666666667,293.0
83,477.0,294.0
114,478.3333333333333,296.0
115,478.6666666666667,296.6666666666667
116,478.3333333333333,291.3333333333333
117,477.6666666666667,290.0
118,477.6666666666667,290.6666666666667
119,478.6666666666667,296.3333333333333
120,479.0,295.6666666666667
121,478.0,292.6666666666667
122,477.0,289.0
123,478.0,290.0
124,478.3333333333333,293.3333333333333
125,478.0,296.0
126,476.0,294.3333333333333
127,476.0,291.3333333333333
128,477.0,291.0
129,478.0,292.6666666666667
130,478.0,294.6666666666667
131,476.0,294.0
132,475.3333333333333,293.0
133,475.6666666666667,294.0
134,477.3333333333333,295.6666666666667
135,477.0,295.6666666666667
136,476.0,293.0
137,475.6666666666667,290.6666666666667
138,477.0,291.6666666666667
139,479.0,295.0
140,478.6666666666667,296.0
141,476.3333333333333,292.0
142,474.6666666666667,290.3333333333333
143,475.0,291.6666666666667
144,477.6666666666667,296.3333333333333
145,478.3333333333333,295.6666666666667
146,478.0,292.3333333333333
147,477.3333333333333,288.6666666666667
148,478.0,290.0
149,478.6666666666667,293.6666666666667
150,478.3333333333333,296.6666666666667
151,477.0,295.0
152,476.3333333333333,292.0
153,476.6666666666667,291.6666666666667
154,477.0,293.3333333333333
155,477.3333333333333,295.6666666666667
156,476.0,294.0
157,475.6666666666667,292.6666666666667
158,476.0,293.3333333333333
159,477.3333333333333,296.0
160,477.3333333333333,296.3333333333333
161,476.6666666666667,293.0
162,476.6666666666667,290.3333333333333
163,477.6666666666667,291.0
164,479.3333333333333,295.0
165,479.0,296.0
166,478.6666666666667,292.6666666666667
167,477.0,290.0
168,477.3333333333333,292.0
169,478.0,296.0
170,478.3333333333333,296.3333333333333
171,478.0,293.0
172,477.3333333333333,289.3333333333333
173,478.3333333333333,290.0
174,478.6666666666667,292.3333333333333
175,478.3333333333333,295.6666666666667
176,476.3333333333333,294.3333333333333
177,476.0,292.0
178,476.6666666666667,291.6666666666667
179,478.0,293.6666666666667
180,478.0,295.6666666666667
181,476.3333333333333,294.6666666666667
182,476.0,292.3333333333333
183,476.6666666666667,293.3333333333333
214,479.0,295.3333333333333
215,478.3333333333333,296.3333333333333
216,476.0,290.0
217,474.3333333333333,288.3333333333333
218,476.0,289.6666666666667
219,479.0,295.6666666666667
220,479.3333333333333,295.3333333333333
221,478.6666666666667,292.3333333333333
222,477.3333333333333,287.6666666666667
223,478.0,289.0
224,478.0,291.6666666666667
225,478.3333333333333,295.3333333333333
226,477.0,294.0
227,476.0,291.0
228,475.6666666666667,291.3333333333333
229,476.6666666666667,292.6666666666667
230,477.0,295.3333333333333
231,475.6666666666667,293.0
232,474.3333333333333,290.3333333333333
233,475.0,291.0
234,477.3333333333333,294.3333333333333
235,477.6666666666667,296.0
236,477.3333333333333,291.3333333333333
237,476.3333333333333,286.6666666666667
238,477.6666666666667,287.3333333333333
239,479.0,292.3333333333333
240,478.6666666666667,296.0
241,477.0,291.0
242,475.0,288.6666666666667
243,476.0,289.3333333333333
244,478.0,295.0
245,478.6666666666667,295.6666666666667
246,479.0,292.3333333333333
247,478.0,287.3333333333333
248,478.6666666666667,288.0
249,477.6666666666667,291.0
250,478.0,295.3333333333333
251,476.6666666666667,294.0
252,475.3333333333333,291.3333333333333
253,475.3333333333333,291.0
254,476.3333333333333,293.3333333333333
255,477.3333333333333,295.3333333333333
0,477.0,295.1666666666667
1,475.0,291.3333333333333
2,476.0,292.3333333333333
3,477.3333333333333,293.5
4,478.6666666666667,295.3333333333333
5,477.1666666666667,291.6666666666667
6,475.1666666666667,286.6666666666667
7,476.5,288.0
8,478.6666666666667,292.3333333333333
9,479.0,296.0
10,479.6666666666667,291.0
11,477.3333333333333,288.0
12,478.6666666666667,289.6666666666667
13,478.0,295.0
14,479.3333333333333,296.0
15,478.0,292.6666666666667
16,477.3333333333333,287.0
17,478.0,287.6666666666667
18,478.6666666666667,290.6666666666667
19,478.3333333333333,295.6666666666667
20,477.0,294.0
21,476.0,290.6666666666667
22,476.3333333333333,290.6666666666667
23,477.0,293.0
24,477.6666666666667,295.3333333333333
25,477.3333333333333,295.3333333333333
26,475.6666666666667,291.8333333333333
27,476.3333333333333,292.8333333333333
58,478.0,293.5
59,479.3333333333333,296.0
60,478.3333333333333,295.0
61,476.3333333333333,289.3333333333333
62,477.0,290.0
63,478.3333333333333,291.0
64,479.3333333333333,296.0
65,478.6666666666667,292.3333333333333
66,478.0,287.3333333333333
67,478.3333333333333,286.6666666666667
68,478.3333333333333,291.0
69,478.3333333333333,295.0
70,477.6666666666667,294.6666666666667
71,477.3333333333333,290.6666666666667
72,477.0,290.6666666666667
73,477.0,292.3333333333333
74,476.6666666666667,295.3333333333333
75,476.3333333333333,295.6666666666667
76,471.3333333333333,290.8333333333333
77,472.0,291.1666666666667
78,473.6666666666667,291.8333333333333
79,478.3333333333333,295.3333333333333
80,478.0,294.6666666666667
81,474.3333333333333,288.0
82,475.3333333333333,288.6666666666667
83,478.0,290.0
84,480.3333333333333,295.3333333333333
85,479.0,294.6666666666667
86,474.6666666666667,291.3333333333333
87,475.6666666666667,292.6666666666667
88,477.0,294.0
89,479.6666666666667,296.0
90,478.6666666666667,291.3333333333333
91,478.3333333333333,286.3333333333333
92,478.6666666666667,286.3333333333333
93,479.3333333333333,291.3333333333333
94,479.3333333333333,295.0
95,478.3333333333333,294.6666666666667
96,477.0,289.6666666666667
97,476.3333333333333,290.3333333333333
98,476.6666666666667,291.6666666666667
99,477.6666666666667,295.3333333333333
100,477.6666666666667,295.3333333333333
101,475.6666666666667,291.0
102,475.3333333333333,291.6666666666667
103,476.3333333333333,292.0
104,478.0,295.6666666666667
105,477.6666666666667,295.0
106,474.3333333333333,289.0
107,475.0,288.6666666666667
108,477.3333333333333,289.6666666666667
109,479.6666666666667,295.3333333333333
110,478.6666666666667,295.5
111,475.6666666666667,292.1666666666667
112,476.0,292.5
113,477.3333333333333,293.0
114,479.0,295.3333333333333
115,480.3333333333333,291.6666666666667
116,480.6666666666667,286.3333333333333
117,480.3333333333333,286.0
118,479.3333333333333,290.3333333333333
119,478.3333333333333,295.0
120,477.6666666666667,295.3333333333333
121,476.1666666666667,290.0
122,475.5,290.3333333333333
123,476.5,291.3333333333333
124,477.3333333333333,295.6666666666667
125,477.6666666666667,295.3333333333333
126,473.0,289.0
127,473.3333333333333,289.0
158,474.6666666666667,289.0
159,479.0,295.0
160,478.6666666666667,294.6666666666667
161,478.0,295.0
162,478.0,294.6666666666667
163,479.0,295.0
164,479.3333333333333,294.3333333333333
165,479.3333333333333,293.3333333333333
166,480.6666666666667,288.3333333333333
167,479.6666666666667,287.6666666666667
168,480.0,289.3333333333333
169,478.0,294.3333333333333
170,477.6666666666667,295.3333333333333
171,474.0,290.3333333333333
172,473.3333333333333,289.3333333333333
173,474.3333333333333,290.0
174,477.3333333333333,294.0
175,477.6666666666667,294.6666666666667
176,477.3333333333333,294.3333333333333
177,477.0,294.0
178,478.0,294.0
179,478.6666666666667,294.3333333333333
180,478.6666666666667,294.6666666666667
181,473.6666666666667,288.0
182,472.6666666666667,286.0
183,474.0,285.6666666666667
184,478.0,292.3333333333333
185,477.3333333333333,293.6666666666667
186,476.6666666666667,294.0
187,476.3333333333333,294.0
188,477.6666666666667,293.6666666666667
189,478.0,293.3333333333333
190,478.3333333333333,292.6666666666667
191,479.6666666666667,287.5
192,479.0,286.8333333333333
193,479.6666666666667,288.1666666666667
194,478.0,294.3333333333333
195,477.6666666666667,295.6666666666667
196,473.3333333333333,290.6666666666667
197,472.0,289.3333333333333
198,472.6666666666667,289.3333333333333
199,476.3333333333333,294.0
200,477.0,294.6666666666667
201,476.6666666666667,294.3333333333333
202,476.0,294.0
203,477.3333333333333,293.6666666666667
204,478.3333333333333,294.0
205,478.3333333333333,294.6666666666667
206,477.3333333333333,294.6666666666667
207,476.0,292.6666666666667
208,477.6666666666667,291.6666666666667
209,477.6666666666667,292.3333333333333
210,477.6666666666667,294.3333333333333
211,476.6666666666667,294.6666666666667
212,476.0,294.6666666666667
213,477.0,294.0
214,477.6666666666667,293.6666666666667
215,479.0,293.0
216,481.6666666666667,288.3333333333333
217,481.0,286.3333333333333
218,480.6666666666667,287.0
219,477.3333333333333,292.6666666666667
220,477.3333333333333,295.3333333333333
221,472.6666666666667,292.0
222,471.6666666666667,290.6666666666667
223,472.3333333333333,290.6666666666667
224,477.0,294.0
225,477.6666666666667,295.0
226,477.0,294.5
227,476.0,294.1666666666667
2,476.6666666666667,292.8333333333333
3,477.3333333333333,293.0
4,477.6666666666667,292.6666666666667
5,477.3333333333333,293.6666666666667
6,476.3333333333333,293.3333333333333
7,477.0,293.3333333333333
8,478.1666666666667,292.6666666666667
9,480.5,294.0
10,483.8333333333333,290.6666666666667
11,482.6666666666667,289.3333333333333
12,481.6666666666667,288.6666666666667
13,478.0,292.6666666666667
14,478.3333333333333,295.3333333333333
15,477.3333333333333,295.3333333333333
16,476.0,293.6666666666667
17,476.6666666666667,293.0
18,476.6666666666667,293.6666666666667
19,477.6666666666667,295.3333333333333
20,476.3333333333333,295.3333333333333
21,475.8333333333333,294.0
22,476.1666666666667,293.0
23,477.1666666666667,293.6666666666667
24,478.0,295.0
25,478.0,295.3333333333333
26,477.0,293.0
27,477.6666666666667,290.6666666666667
28,478.0,290.6666666666667
29,478.0,292.6666666666667
30,476.3333333333333,294.0
31,475.6666666666667,294.3333333333333
32,476.3333333333333,293.3333333333333
33,477.6666666666667,293.0
34,480.0,294.3333333333333
35,480.6666666666667,296.0
36,480.0,293.0
37,478.6666666666667,292.0
38,478.0,291.6666666666667
39,478.6666666666667,295.6666666666667
40,478.0,295.0
41,476.6666666666667,292.5
42,476.6666666666667,291.5
43,477.0,292.8333333333333
44,478.0,294.6666666666667
45,477.0,295.0
46,476.6666666666667,293.6666666666667
47,477.0,292.6666666666667
48,478.0,293.3333333333333
49,478.6666666666667,295.0
50,478.6666666666667,295.6666666666667
51,477.6666666666667,293.0
52,478.3333333333333,290.3333333333333
53,478.6666666666667,290.6666666666667
54,478.6666666666667,293.3333333333333
55,477.0,294.6666666666667
56,476.0,294.6666666666667
57,477.0,293.6666666666667
58,477.6666666666667,293.3333333333333
59,480.0,293.6666666666667
60,480.0,294.6666666666667
61,479.6666666666667,290.3333333333333
62,478.0,291.0
63,477.6666666666667,291.0
64,478.6666666666667,296.3333333333333
65,478.3333333333333,295.6666666666667
66,477.0,293.1666666666667
67,476.1666666666667,292.1666666666667
68,476.5,292.5
69,476.8333333333333,294.6666666666667
70,476.1666666666667,295.0
71,475.1666666666667,294.0
102,476.1666666666667,292.3333333333333
103,477.0,293.0
104,477.6666666666667,294.0
105,477.0,295.6666666666667
106,476.3333333333333,294.6666666666667
107,476.3333333333333,293.0
108,477.0,292.0
109,480.0,293.6666666666667
110,481.0,295.0
111,481.6666666666667,291.3333333333333
112,479.6666666666667,290.3333333333333
113,479.0,291.0
114,479.3333333333333,296.3333333333333
115,478.6666666666667,296.3333333333333
116,477.3333333333333,295.0
117,476.6666666666667,293.3333333333333
118,477.6666666666667,293.6666666666667
119,478.6666666666667,294.3333333333333
120,477.6666666666667,295.0
121,476.6666666666667,294.0
122,476.6666666666667,292.6666666666667
123,477.3333333333333,292.3333333333333
124,477.6666666666667,293.6666666666667
125,477.6666666666667,294.6666666666667
126,477.6666666666667,292.3333333333333
127,477.0,290.0
128,477.3333333333333,290.3333333333333
129,477.0,294.0
130,477.0,295.3333333333333
131,476.0,294.6666666666667
132,476.3333333333333,292.6666666666667
133,477.3333333333333,292.3333333333333
134,481.0,294.3333333333333
135,481.6666666666667,295.6666666666667
136,481.3333333333333,292.0
137,478.6666666666667,290.6666666666667
138,478.0,291.6666666666667
139,479.3333333333333,297.0
140,479.6666666666667,297.0
141,479.3333333333333,294.6666666666667
142,478.0,293.0
143,478.6666666666667,294.0
144,479.0,295.6666666666667
145,478.6666666666667,296.0
146,477.0,293.3333333333333
147,477.0,291.6666666666667
148,477.3333333333333,292.0
149,478.6666666666667,294.6666666666667
150,477.6666666666667,295.6666666666667
151,477.3333333333333,291.6666666666667
152,476.0,289.0
153,477.3333333333333,289.0
154,477.6666666666667,293.3333333333333
155,477.6666666666667,294.3333333333333
156,476.3333333333333,293.6666666666667
157,476.0,292.0
158,476.6666666666667,292.3333333333333
159,480.3333333333333,294.3333333333333
160,481.6666666666667,295.3333333333333
161,482.6666666666667,291.0
162,480.3333333333333,290.3333333333333
163,480.0,291.3333333333333
164,480.3333333333333,296.6666666666667
165,479.8333333333333,296.3333333333333
166,478.5,294.1666666666667
167,477.5,293.1666666666667
168,478.6666666666667,294.1666666666667
169,479.0,296.3333333333333
170,478.0,296.3333333333333
171,475.6666666666667,295.1666666666667
202,476.3333333333333,291.1666666666667
203,478.0,291.5
204,479.3333333333333,292.3333333333333
205,478.3333333333333,295.6666666666667
206,477.0,294.6666666666667
207,476.6666666666667,292.6666666666667
208,477.3333333333333,292.0
209,479.0,293.6666666666667
210,478.6666666666667,295.3333333333333
211,479.0,293.6666666666667
212,477.3333333333333,293.0
213,478.6666666666667,293.0
214,479.6666666666667,296.6666666666667
215,479.6666666666667,296.3333333333333
216,478.3333333333333,295.0
217,476.6666666666667,292.6666666666667
218,478.0,294.0
219,479.3333333333333,296.0
220,479.0,296.3333333333333
221,478.8333333333333,295.0
222,478.1666666666667,292.3333333333333
223,479.1666666666667,293.0
224,479.3333333333333,294.3333333333333
225,479.0,295.3333333333333
226,478.3333333333333,290.6666666666667
227,477.5,286.0
228,479.1666666666667,286.3333333333333
229,479.5,292.3333333333333
230,478.6666666666667,295.6666666666667
231,477.0,296.0
232,477.0,293.3333333333333
233,477.6666666666667,293.3333333333333
234,479.6666666666667,294.0
235,479.6666666666667,295.0
236,480.0,294.6666666666667
237,478.3333333333333,294.0
238,479.0,295.0
239,480.3333333333333,296.6666666666667
240,480.0,296.3333333333333
241,479.0,295.0
242,476.6666666666667,293.0
243,478.3333333333333,294.3333333333333
244,479.0,295.3333333333333
245,479.0,296.0
246,477.3333333333333,294.3333333333333
247,477.0,292.0
248,478.3333333333333,292.3333333333333
249,480.0,294.0
250,479.6666666666667,295.3333333333333
251,479.3333333333333,290.3333333333333
252,478.3333333333333,284.6666666666667
253,480.0,285.6666666666667
254,480.0,291.3333333333333
255,479.0,295.6666666666667
0,478.0,294.6666666666667
1,477.3333333333333,292.3333333333333
2,478.0,292.3333333333333
3,479.3333333333333,293.3333333333333
4,480.0,294.3333333333333
5,479.3333333333333,294.0
6,477.6666666666667,293.3333333333333
7,478.3333333333333,294.3333333333333
8,480.0,296.0
9,479.3333333333333,296.0
10,477.3333333333333,294.6666666666667
11,475.6666666666667,292.6666666666667
12,477.3333333333333,294.0
13,478.6666666666667,295.6666666666667
14,478.3333333333333,296.3333333333333
15,476.6666666666667,295.0
46,475.8333333333333,288.3333333333333
47,477.5,288.6666666666667
48,478.8333333333333,290.3333333333333
49,478.6666666666667,296.0
50,479.0,296.3333333333333
51,478.0,293.8333333333333
52,479.0,293.8333333333333
53,479.3333333333333,293.8333333333333
54,480.0,294.3333333333333
55,478.6666666666667,294.3333333333333
56,477.0,293.6666666666667
57,477.3333333333333,294.6666666666667
58,479.6666666666667,295.6666666666667
59,479.3333333333333,295.6666666666667
60,477.0,293.6666666666667
61,475.0,291.6666666666667
62,476.3333333333333,293.0
63,478.3333333333333,295.3333333333333
64,478.3333333333333,296.3333333333333
65,477.3333333333333,295.0
66,475.6666666666667,292.0
67,476.6666666666667,293.0
68,478.3333333333333,294.3333333333333
69,478.6666666666667,296.0
70,478.0,295.3333333333333
71,473.3333333333333,287.3333333333333
72,475.0,288.3333333333333
73,475.3333333333333,289.0
74,478.3333333333333,296.0
75,478.6666666666667,294.3333333333333
76,478.3333333333333,291.3333333333333
77,479.0,291.0
78,480.3333333333333,293.0
79,481.6666666666667,294.6666666666667
80,479.6666666666667,294.5
81,476.6666666666667,293.5
82,476.3333333333333,294.8333333333333
83,479.0,296.3333333333333
84,479.0,296.3333333333333
85,478.0,295.6666666666667
86,477.8333333333333,291.3333333333333
87,479.5,292.6666666666667
88,481.1666666666667,293.3333333333333
89,480.0,296.3333333333333
90,478.6666666666667,295.6666666666667
91,476.3333333333333,293.0
92,477.3333333333333,293.6666666666667
93,479.0,294.0
94,479.6666666666667,295.3333333333333
95,478.6666666666667,294.3333333333333
96,472.6666666666667,286.3333333333333
97,473.3333333333333,287.3333333333333
98,473.6666666666667,289.3333333333333
99,477.6666666666667,296.6666666666667
100,478.3333333333333,295.6666666666667
101,477.6666666666667,292.6666666666667
102,478.6666666666667,292.3333333333333
103,479.6666666666667,293.3333333333333
104,480.6666666666667,294.0
105,479.0,293.0
106,476.6666666666667,291.6666666666667
107,477.0,293.0
108,479.6666666666667,295.0
109,479.3333333333333,296.0
110,478.0,295.3333333333333
111,476.0,293.0
112,477.0,293.6666666666667
113,478.0,294.3333333333333
114,478.0,295.6666666666667
115,477.0,295.0
146,474.0,286.6666666666667
147,475.0,286.3333333333333
148,475.3333333333333,287.3333333333333
149,477.6666666666667,295.3333333333333
150,477.3333333333333,295.3333333333333
151,477.3333333333333,291.6666666666667
152,477.6666666666667,291.3333333333333
153,479.3333333333333,292.0
154,480.0,294.3333333333333
155,479.6666666666667,294.6666666666667
156,477.3333333333333,294.3333333333333
157,477.6666666666667,294.3333333333333
158,478.6666666666667,294.6666666666667
159,479.0,295.0
160,477.6666666666667,295.3333333333333
161,476.3333333333333,294.0
162,477.0,294.6666666666667
163,478.0,295.0
164,478.0,295.6666666666667
165,476.8333333333333,295.0
166,475.8333333333333,292.6666666666667
167,476.5,293.3333333333333
168,477.6666666666667,293.3333333333333
169,478.0,294.6666666666667
170,477.0,294.0
171,472.0,280.3333333333333
172,471.6666666666667,280.0
173,472.6666666666667,280.6666666666667
174,477.3333333333333,294.6666666666667
175,478.0,295.0
176,477.3333333333333,291.6666666666667
177,478.0,290.6666666666667
178,480.0,291.0
179,482.6666666666667,293.3333333333333
180,481.6666666666667,294.0
181,479.3333333333333,293.3333333333333
182,477.6666666666667,293.6666666666667
183,479.0,293.6666666666667
184,479.3333333333333,294.3333333333333
185,478.6666666666667,294.6666666666667
186,476.6666666666667,293.0
187,476.3333333333333,293.3333333333333
188,476.3333333333333,293.3333333333333
189,476.6666666666667,295.3333333333333
190,476.5,295.3333333333333
191,475.5,291.3333333333333
192,476.1666666666667,290.3333333333333
193,477.6666666666667,290.3333333333333
194,479.0,294.0
195,478.3333333333333,294.6666666666667
196,476.0,285.3333333333333
197,476.3333333333333,284.3333333333333
198,477.0,284.3333333333333
199,478.3333333333333,294.0
200,478.0,296.3333333333333
201,477.1666666666667,294.0
202,477.8333333333333,292.3333333333333
203,479.1666666666667,290.6666666666667
204,480.6666666666667,293.6666666666667
205,480.0,295.0
206,477.6666666666667,294.3333333333333
207,476.6666666666667,293.3333333333333
208,477.3333333333333,293.3333333333333
209,478.0,294.3333333333333
210,478.0,294.6666666666667
211,478.3333333333333,290.6666666666667
212,479.3333333333333,291.3333333333333
213,480.6666666666667,291.3333333333333
214,479.6666666666667,296.3333333333333
215,478.3333333333333,296.0
246,477.3333333333333,295.3333333333333
247,477.3333333333333,292.3333333333333
248,478.0,292.3333333333333
249,478.0,293.6666666666667
250,478.3333333333333,296.6666666666667
251,477.3333333333333,292.3333333333333
252,477.6666666666667,290.3333333333333
253,478.3333333333333,288.3333333333333
254,480.3333333333333,292.6666666666667
255,480.0,294.0
0,478.3333333333333,295.0
1,477.0,294.3333333333333
2,477.1666666666667,293.6666666666667
3,477.5,293.6666666666667
4,477.1666666666667,294.3333333333333
5,476.6666666666667,295.0
6,476.3333333333333,293.6666666666667
7,477.0,293.0
8,477.0,293.6666666666667
9,477.3333333333333,295.0
10,477.0,295.0
11,476.6666666666667,293.6666666666667
12,477.3333333333333,292.6666666666667
13,477.6666666666667,293.3333333333333
14,477.6666666666667,293.6666666666667
15,477.0,294.3333333333333
16,475.6666666666667,291.6666666666667
17,476.3333333333333,291.0
18,476.6666666666667,291.6666666666667
19,478.3333333333333,295.0
20,478.3333333333333,295.6666666666667
21,479.0,293.6666666666667
22,480.0,291.0
23,482.0,292.0
24,481.3333333333333,294.0
25,479.6666666666667,296.3333333333333
26,477.6666666666667,294.0
27,477.6666666666667,292.6666666666667
28,478.6666666666667,292.6666666666667
29,478.0,294.3333333333333
30,477.5,295.3333333333333
31,475.8333333333333,293.6666666666667
32,476.5,293.0
33,476.6666666666667,293.0
34,477.3333333333333,294.6666666666667
35,477.3333333333333,294.3333333333333
36,477.6666666666667,292.6666666666667
37,478.3333333333333,291.0
38,478.6666666666667,292.0
39,478.3333333333333,294.3333333333333
40,478.0,295.0
41,476.6666666666667,291.6666666666667
42,476.6666666666667,290.6666666666667
43,476.3333333333333,291.6666666666667
44,478.0,295.6666666666667
45,478.0,295.6666666666667
46,477.6666666666667,293.3333333333333
47,477.0,291.0
48,478.3333333333333,291.6666666666667
49,478.6666666666667,294.0
50,478.0,296.0
51,476.6666666666667,294.6666666666667
52,477.0,293.3333333333333
53,477.6666666666667,293.3333333333333
54,477.6666666666667,294.0
55,477.3333333333333,294.3333333333333
56,476.6666666666667,292.3333333333333
57,476.6666666666667,292.0
58,477.3333333333333,293.3333333333333
59,478.0,295.3333333333333
